frame,time_seconds,track_id,center_x,center_y,frame_gap,distance_from_previous_pixels,speed_pixels_per_second,cumulative_distance_pixels
0,0.0,1,1071,251,0,0.0,0.0,0.0
1,0.04,1,1071,251,1,0.0,0.0,0.0
2,0.08,1,1070,252,1,1.414,35.355,1.414
3,0.12,1,1070,252,1,0.0,0.0,1.414
4,0.16,1,1070,251,1,1.0,25.0,2.414
5,0.2,1,1070,251,1,0.0,0.0,2.414
6,0.24,1,1070,250,1,1.0,25.0,3.414
7,0.28,1,1070,250,1,0.0,0.0,3.414
8,0.32,1,1070,251,1,1.0,25.0,4.414
9,0.36,1,1070,251,1,0.0,0.0,4.414
10,0.4,1,1070,251,1,0.0,0.0,4.414
11,0.44,1,1070,251,1,0.0,0.0,4.414
12,0.48,1,1070,250,1,1.0,25.0,5.414
13,0.52,1,1069,249,1,1.414,35.355,6.828
14,0.56,1,1069,248,1,1.0,25.0,7.828
15,0.6,1,1069,247,1,1.0,25.0,8.828
16,0.64,1,1069,247,1,0.0,0.0,8.828
17,0.68,1,1070,246,1,1.414,35.355,10.243
18,0.72,1,1072,246,1,2.0,50.0,12.243
19,0.76,1,1072,246,1,0.0,0.0,12.243
20,0.8,1,1072,245,1,1.0,25.0,13.243
21,0.84,1,1071,244,1,1.414,35.355,14.657
22,0.88,1,1070,244,1,1.0,25.0,15.657
23,0.92,1,1072,244,1,2.0,50.0,17.657
24,0.96,1,1075,243,1,3.162,79.057,20.819
25,1.0,1,1077,243,1,2.0,50.0,22.819
26,1.04,1,1079,243,1,2.0,50.0,24.819
27,1.08,1,1080,243,1,1.0,25.0,25.819
28,1.12,1,1078,243,1,2.0,50.0,27.819
29,1.16,1,1075,241,1,3.606,90.139,31.425
30,1.2,1,1069,241,1,6.0,150.0,37.425
31,1.24,1,1064,239,1,5.385,134.629,42.81
32,1.28,1,1056,238,1,8.062,201.556,50.872
33,1.32,1,1050,236,1,6.325,158.114,57.197
34,1.36,1,1041,233,1,9.487,237.171,66.683
35,1.4,1,1032,233,1,9.0,225.0,75.683
36,1.44,1,1018,233,1,14.0,350.0,89.683
37,1.48,1,1008,233,1,10.0,250.0,99.683
38,1.52,1,994,232,1,14.036,350.892,113.719
39,1.56,1,982,232,1,12.0,300.0,125.719
40,1.6,1,967,231,1,15.033,375.832,140.752
41,1.64,1,957,231,1,10.0,250.0,150.752
42,1.68,1,947,230,1,10.05,251.247,160.802
43,1.72,1,941,230,1,6.0,150.0,166.802
44,1.76,1,932,228,1,9.22,230.489,176.022
45,1.8,1,925,227,1,7.071,176.777,183.093
46,1.84,1,914,226,1,11.045,276.134,194.138
47,1.88,1,904,225,1,10.05,251.247,204.188
48,1.92,1,893,226,1,11.045,276.134,215.234
49,1.96,1,883,226,1,10.0,250.0,225.234
50,2.0,1,871,225,1,12.042,301.04,237.275
51,2.04,1,859,226,1,12.042,301.04,249.317
52,2.08,1,842,225,1,17.029,425.735,266.346
53,2.12,1,831,224,1,11.045,276.134,277.391
54,2.16,1,814,223,1,17.029,425.735,294.421
55,2.2,1,804,222,1,10.05,251.247,304.471
56,2.24,1,788,222,1,16.0,400.0,320.471
57,2.28,1,776,221,1,12.042,301.04,332.512
58,2.32,1,762,222,1,14.036,350.892,346.548
59,2.36,1,747,220,1,15.133,378.319,361.681
60,2.4,1,734,221,1,13.038,325.96,374.719
61,2.44,1,726,219,1,8.246,206.155,382.965
62,2.48,1,714,218,1,12.042,301.04,395.007
63,2.52,1,704,219,1,10.05,251.247,405.057
64,2.56,1,689,217,1,15.133,378.319,420.19
65,2.6,1,679,215,1,10.198,254.951,430.388
66,2.64,1,666,215,1,13.0,325.0,443.388
67,2.68,1,659,214,1,7.071,176.777,450.459
68,2.72,1,648,213,1,11.045,276.134,461.504
69,2.76,1,641,213,1,7.0,175.0,468.504
70,2.8,1,635,212,1,6.083,152.069,474.587
71,2.84,1,631,211,1,4.123,103.078,478.71
72,2.88,1,627,212,1,4.123,103.078,482.833
73,2.92,1,624,213,1,3.162,79.057,485.995
74,2.96,1,619,215,1,5.385,134.629,491.38
75,3.0,1,613,218,1,6.708,167.705,498.089
76,3.04,1,595,221,1,18.248,456.207,516.337
77,3.08,1,580,222,1,15.033,375.832,531.37
78,3.12,1,563,222,1,17.0,425.0,548.37
79,3.16,1,554,223,1,9.055,226.385,557.426
80,3.2,1,557,228,1,5.831,145.774,563.257
81,3.24,1,562,230,1,5.385,134.629,568.642
82,3.28,1,568,234,1,7.211,180.278,575.853
83,3.32,1,571,234,1,3.0,75.0,578.853
84,3.36,1,569,237,1,3.606,90.139,582.458
85,3.4,1,570,238,1,1.414,35.355,583.873
86,3.44,1,585,241,1,15.297,382.426,599.17
87,3.48,1,599,245,1,14.56,364.005,613.73
88,3.52,1,619,250,1,20.616,515.388,634.345
89,3.56,1,634,255,1,15.811,395.285,650.157
90,3.6,1,653,259,1,19.416,485.412,669.573
91,3.64,1,669,263,1,16.492,412.311,686.066
92,3.68,1,687,268,1,18.682,467.039,704.747
93,3.72,1,700,271,1,13.342,333.542,718.089
94,3.76,1,717,278,1,18.385,459.619,736.474
95,3.8,1,730,281,1,13.342,333.542,749.815
96,3.84,1,744,284,1,14.318,357.946,764.133
97,3.88,1,744,284,1,0.0,0.0,764.133
98,3.92,1,729,275,1,17.493,437.321,781.626
99,3.96,1,710,269,1,19.925,498.121,801.551
100,4.0,1,677,270,1,33.015,825.379,834.566
101,4.04,1,652,272,1,25.08,626.997,859.646
102,4.08,1,627,278,1,25.71,642.748,885.356
103,4.12,1,631,282,1,5.657,141.421,891.013
104,4.16,1,655,289,1,25.0,625.0,916.013
105,4.2,1,662,295,1,9.22,230.489,925.232
106,4.24,1,654,299,1,8.944,223.607,934.177
107,4.28,1,647,304,1,8.602,215.058,942.779
108,4.32,1,637,295,1,13.454,336.341,956.232
109,4.36,1,611,294,1,26.019,650.481,982.252
110,4.4,1,574,302,1,37.855,946.375,1020.107
111,4.44,1,552,309,1,23.087,577.17,1043.193
112,4.48,1,534,322,1,22.204,555.09,1065.397
113,4.52,1,533,332,1,10.05,251.247,1075.447
114,4.56,1,537,336,1,5.657,141.421,1081.104
115,4.6,1,528,339,1,9.487,237.171,1090.591
116,4.64,1,515,328,1,17.029,425.735,1107.62
117,4.68,1,506,310,1,20.125,503.115,1127.745
118,4.72,1,506,296,1,14.0,350.0,1141.745
119,4.76,1,504,295,1,2.236,55.902,1143.981
120,4.8,1,546,301,1,42.426,1060.66,1186.407
121,4.84,1,570,309,1,25.298,632.456,1211.705
122,4.88,1,601,315,1,31.575,789.383,1243.281
123,4.92,1,622,321,1,21.84,546.008,1265.121
124,4.96,1,639,333,1,20.809,520.216,1285.93
125,5.0,1,655,337,1,16.492,412.311,1302.422
126,5.04,1,693,339,1,38.053,951.315,1340.475
127,5.08,1,725,331,1,32.985,824.621,1373.459
128,5.12,1,773,308,1,53.226,1330.648,1426.685
129,5.16,1,806,293,1,36.249,906.228,1462.935
130,5.2,1,855,294,1,49.01,1225.255,1511.945
131,5.24,1,894,299,1,39.319,982.98,1551.264
132,5.28,1,956,308,1,62.65,1566.246,1613.914
133,5.32,1,1003,314,1,47.381,1184.536,1661.295
134,5.36,1,1063,317,1,60.075,1501.874,1721.37
135,5.4,1,1077,321,1,14.56,364.005,1735.93
136,5.44,1,1107,318,1,30.15,753.741,1766.08
137,5.48,1,1125,309,1,20.125,503.115,1786.205
0,0.0,2,547,276,0,0.0,0.0,0.0
1,0.04,2,548,276,1,1.0,25.0,1.0
2,0.08,2,549,276,1,1.0,25.0,2.0
3,0.12,2,550,277,1,1.414,35.355,3.414
4,0.16,2,551,277,1,1.0,25.0,4.414
5,0.2,2,553,277,1,2.0,50.0,6.414
6,0.24,2,556,278,1,3.162,79.057,9.576
7,0.28,2,559,279,1,3.162,79.057,12.739
8,0.32,2,562,281,1,3.606,90.139,16.344
9,0.36,2,565,280,1,3.162,79.057,19.507
10,0.4,2,568,281,1,3.162,79.057,22.669
0,0.0,3,991,278,0,0.0,0.0,0.0
1,0.04,3,991,278,1,0.0,0.0,0.0
2,0.08,3,990,278,1,1.0,25.0,1.0
3,0.12,3,991,278,1,1.0,25.0,2.0
4,0.16,3,991,278,1,0.0,0.0,2.0
5,0.2,3,992,277,1,1.414,35.355,3.414
6,0.24,3,993,278,1,1.414,35.355,4.828
7,0.28,3,993,278,1,0.0,0.0,4.828
8,0.32,3,994,278,1,1.0,25.0,5.828
9,0.36,3,994,278,1,0.0,0.0,5.828
10,0.4,3,994,278,1,0.0,0.0,5.828
11,0.44,3,994,277,1,1.0,25.0,6.828
12,0.48,3,994,276,1,1.0,25.0,7.828
13,0.52,3,995,277,1,1.414,35.355,9.243
14,0.56,3,996,276,1,1.414,35.355,10.657
15,0.6,3,996,276,1,0.0,0.0,10.657
16,0.64,3,997,275,1,1.414,35.355,12.071
17,0.68,3,997,275,1,0.0,0.0,12.071
18,0.72,3,997,274,1,1.0,25.0,13.071
19,0.76,3,997,273,1,1.0,25.0,14.071
20,0.8,3,997,273,1,0.0,0.0,14.071
21,0.84,3,998,272,1,1.414,35.355,15.485
22,0.88,3,998,271,1,1.0,25.0,16.485
23,0.92,3,999,271,1,1.0,25.0,17.485
24,0.96,3,1001,270,1,2.236,55.902,19.721
25,1.0,3,1002,270,1,1.0,25.0,20.721
26,1.04,3,1001,270,1,1.0,25.0,21.721
27,1.08,3,999,269,1,2.236,55.902,23.957
28,1.12,3,997,267,1,2.828,70.711,26.786
29,1.16,3,995,266,1,2.236,55.902,29.022
30,1.2,3,990,267,1,5.099,127.475,34.121
31,1.24,3,987,266,1,3.162,79.057,37.283
32,1.28,3,982,265,1,5.099,127.475,42.382
33,1.32,3,978,265,1,4.0,100.0,46.382
34,1.36,3,971,266,1,7.071,176.777,53.453
35,1.4,3,965,264,1,6.325,158.114,59.778
36,1.44,3,956,264,1,9.0,225.0,68.778
37,1.48,3,951,264,1,5.0,125.0,73.778
38,1.52,3,943,264,1,8.0,200.0,81.778
39,1.56,3,939,264,1,4.0,100.0,85.778
40,1.6,3,928,261,1,11.402,285.044,97.18
41,1.64,3,922,262,1,6.083,152.069,103.262
0,0.0,4,1143,279,0,0.0,0.0,0.0
1,0.04,4,1142,278,1,1.414,35.355,1.414
2,0.08,4,1140,277,1,2.236,55.902,3.65
3,0.12,4,1139,277,1,1.0,25.0,4.65
4,0.16,4,1139,277,1,0.0,0.0,4.65
5,0.2,4,1139,277,1,0.0,0.0,4.65
6,0.24,4,1138,276,1,1.414,35.355,6.064
7,0.28,4,1137,276,1,1.0,25.0,7.064
8,0.32,4,1137,277,1,1.0,25.0,8.064
9,0.36,4,1136,277,1,1.0,25.0,9.064
10,0.4,4,1136,277,1,0.0,0.0,9.064
11,0.44,4,1135,277,1,1.0,25.0,10.064
12,0.48,4,1135,276,1,1.0,25.0,11.064
13,0.52,4,1135,276,1,0.0,0.0,11.064
14,0.56,4,1134,275,1,1.414,35.355,12.479
15,0.6,4,1133,275,1,1.0,25.0,13.479
16,0.64,4,1132,274,1,1.414,35.355,14.893
17,0.68,4,1132,274,1,0.0,0.0,14.893
18,0.72,4,1130,273,1,2.236,55.902,17.129
19,0.76,4,1129,272,1,1.414,35.355,18.543
20,0.8,4,1128,272,1,1.0,25.0,19.543
21,0.84,4,1128,271,1,1.0,25.0,20.543
22,0.88,4,1128,270,1,1.0,25.0,21.543
23,0.92,4,1127,270,1,1.0,25.0,22.543
24,0.96,4,1124,270,1,3.0,75.0,25.543
25,1.0,4,1123,271,1,1.414,35.355,26.957
26,1.04,4,1121,271,1,2.0,50.0,28.957
27,1.08,4,1120,272,1,1.414,35.355,30.372
28,1.12,4,1116,271,1,4.123,103.078,34.495
29,1.16,4,1113,268,1,4.243,106.066,38.737
30,1.2,4,1108,268,1,5.0,125.0,43.737
31,1.24,4,1105,268,1,3.0,75.0,46.737
32,1.28,4,1098,267,1,7.071,176.777,53.808
33,1.32,4,1093,267,1,5.0,125.0,58.808
34,1.36,4,1087,266,1,6.083,152.069,64.891
35,1.4,4,1082,265,1,5.099,127.475,69.99
36,1.44,4,1074,265,1,8.0,200.0,77.99
37,1.48,4,1067,264,1,7.071,176.777,85.061
38,1.52,4,1059,263,1,8.062,201.556,93.124
39,1.56,4,1053,263,1,6.0,150.0,99.124
40,1.6,4,1043,262,1,10.05,251.247,109.173
41,1.64,4,1037,262,1,6.0,150.0,115.173
42,1.68,4,1028,261,1,9.055,226.385,124.229
43,1.72,4,1021,262,1,7.071,176.777,131.3
44,1.76,4,1012,260,1,9.22,230.489,140.519
45,1.8,4,1005,261,1,7.071,176.777,147.59
46,1.84,4,997,261,1,8.0,200.0,155.59
47,1.88,4,991,260,1,6.083,152.069,161.673
48,1.92,4,983,261,1,8.062,201.556,169.736
49,1.96,4,977,261,1,6.0,150.0,175.736
50,2.0,4,968,262,1,9.055,226.385,184.791
51,2.04,4,962,261,1,6.083,152.069,190.874
52,2.08,4,955,261,1,7.0,175.0,197.874
53,2.12,4,949,261,1,6.0,150.0,203.874
54,2.16,4,942,260,1,7.071,176.777,210.945
55,2.2,4,937,260,1,5.0,125.0,215.945
56,2.24,4,929,260,1,8.0,200.0,223.945
57,2.28,4,924,259,1,5.099,127.475,229.044
58,2.32,4,918,260,1,6.083,152.069,235.127
59,2.36,4,914,260,1,4.0,100.0,239.127
60,2.4,4,909,259,1,5.099,127.475,244.226
61,2.44,4,906,259,1,3.0,75.0,247.226
62,2.48,4,903,259,1,3.0,75.0,250.226
63,2.52,4,902,260,1,1.414,35.355,251.64
64,2.56,4,899,260,1,3.0,75.0,254.64
65,2.6,4,897,260,1,2.0,50.0,256.64
66,2.64,4,895,260,1,2.0,50.0,258.64
67,2.68,4,893,259,1,2.236,55.902,260.876
68,2.72,4,892,259,1,1.0,25.0,261.876
69,2.76,4,892,259,1,0.0,0.0,261.876
70,2.8,4,893,260,1,1.414,35.355,263.29
71,2.84,4,894,261,1,1.414,35.355,264.704
72,2.88,4,895,263,1,2.236,55.902,266.94
73,2.92,4,896,264,1,1.414,35.355,268.355
74,2.96,4,896,263,1,1.0,25.0,269.355
75,3.0,4,896,263,1,0.0,0.0,269.355
76,3.04,4,897,262,1,1.414,35.355,270.769
77,3.08,4,898,262,1,1.0,25.0,271.769
78,3.12,4,900,261,1,2.236,55.902,274.005
79,3.16,4,902,261,1,2.0,50.0,276.005
80,3.2,4,906,260,1,4.123,103.078,280.128
81,3.24,4,908,261,1,2.236,55.902,282.364
82,3.28,4,911,261,1,3.0,75.0,285.364
83,3.32,4,913,261,1,2.0,50.0,287.364
84,3.36,4,915,262,1,2.236,55.902,289.6
85,3.4,4,917,262,1,2.0,50.0,291.6
86,3.44,4,919,264,1,2.828,70.711,294.428
87,3.48,4,922,264,1,3.0,75.0,297.428
88,3.52,4,924,263,1,2.236,55.902,299.665
89,3.56,4,927,264,1,3.162,79.057,302.827
90,3.6,4,931,263,1,4.123,103.078,306.95
91,3.64,4,935,264,1,4.123,103.078,311.073
92,3.68,4,938,265,1,3.162,79.057,314.235
93,3.72,4,940,264,1,2.236,55.902,316.471
94,3.76,4,942,263,1,2.236,55.902,318.707
95,3.8,4,943,262,1,1.414,35.355,320.122
96,3.84,4,943,260,1,2.0,50.0,322.122
97,3.88,4,942,258,1,2.236,55.902,324.358
98,3.92,4,942,256,1,2.0,50.0,326.358
99,3.96,4,942,256,1,0.0,0.0,326.358
100,4.0,4,941,257,1,1.414,35.355,327.772
101,4.04,4,941,258,1,1.0,25.0,328.772
102,4.08,4,940,261,1,3.162,79.057,331.934
103,4.12,4,939,263,1,2.236,55.902,334.17
104,4.16,4,936,263,1,3.0,75.0,337.17
105,4.2,4,935,263,1,1.0,25.0,338.17
106,4.24,4,932,265,1,3.606,90.139,341.776
107,4.28,4,931,267,1,2.236,55.902,344.012
108,4.32,4,929,266,1,2.236,55.902,346.248
109,4.36,4,927,265,1,2.236,55.902,348.484
110,4.4,4,924,266,1,3.162,79.057,351.646
111,4.44,4,922,266,1,2.0,50.0,353.646
112,4.48,4,920,268,1,2.828,70.711,356.475
113,4.52,4,919,268,1,1.0,25.0,357.475
114,4.56,4,919,269,1,1.0,25.0,358.475
115,4.6,4,920,269,1,1.0,25.0,359.475
116,4.64,4,920,269,1,0.0,0.0,359.475
117,4.68,4,920,270,1,1.0,25.0,360.475
118,4.72,4,919,272,1,2.236,55.902,362.711
119,4.76,4,918,272,1,1.0,25.0,363.711
120,4.8,4,918,272,1,0.0,0.0,363.711
121,4.84,4,920,274,1,2.828,70.711,366.539
122,4.88,4,923,273,1,3.162,79.057,369.702
123,4.92,4,927,273,1,4.0,100.0,373.702
124,4.96,4,931,272,1,4.123,103.078,377.825
125,5.0,4,934,271,1,3.162,79.057,380.987
126,5.04,4,933,270,1,1.414,35.355,382.401
127,5.08,4,932,268,1,2.236,55.902,384.637
128,5.12,4,935,276,1,8.544,213.6,393.181
129,5.16,4,937,284,1,8.246,206.155,401.427
134,5.36,4,942,263,5,21.587,107.935,423.014
135,5.4,4,947,262,1,5.099,127.475,428.113
136,5.44,4,949,262,1,2.0,50.0,430.113
137,5.48,4,951,263,1,2.236,55.902,432.35
138,5.52,4,951,265,1,2.0,50.0,434.35
139,5.56,4,951,265,1,0.0,0.0,434.35
140,5.6,4,955,268,1,5.0,125.0,439.35
141,5.64,4,959,269,1,4.123,103.078,443.473
142,5.68,4,969,270,1,10.05,251.247,453.522
143,5.72,4,977,271,1,8.062,201.556,461.585
144,5.76,4,987,270,1,10.05,251.247,471.635
145,5.8,4,993,271,1,6.083,152.069,477.717
146,5.84,4,1000,267,1,8.062,201.556,485.78
147,5.88,4,1004,266,1,4.123,103.078,489.903
148,5.92,4,1008,265,1,4.123,103.078,494.026
149,5.96,4,1011,263,1,3.606,90.139,497.631
150,6.0,4,1015,263,1,4.0,100.0,501.631
151,6.04,4,1018,261,1,3.606,90.139,505.237
152,6.08,4,1020,261,1,2.0,50.0,507.237
153,6.12,4,1020,262,1,1.0,25.0,508.237
154,6.16,4,1019,260,1,2.236,55.902,510.473
155,6.2,4,1018,261,1,1.414,35.355,511.887
156,6.24,4,1016,261,1,2.0,50.0,513.887
157,6.28,4,1016,261,1,0.0,0.0,513.887
158,6.32,4,1016,261,1,0.0,0.0,513.887
159,6.36,4,1017,261,1,1.0,25.0,514.887
160,6.4,4,1016,263,1,2.236,55.902,517.123
161,6.44,4,1015,264,1,1.414,35.355,518.538
162,6.48,4,1009,264,1,6.0,150.0,524.538
163,6.52,4,1006,264,1,3.0,75.0,527.538
164,6.56,4,998,261,1,8.544,213.6,536.082
165,6.6,4,994,259,1,4.472,111.803,540.554
166,6.64,4,990,258,1,4.123,103.078,544.677
167,6.68,4,989,255,1,3.162,79.057,547.839
168,6.72,4,988,251,1,4.123,103.078,551.962
169,6.76,4,988,250,1,1.0,25.0,552.962
170,6.8,4,990,250,1,2.0,50.0,554.962
171,6.84,4,994,252,1,4.472,111.803,559.434
172,6.88,4,999,253,1,5.099,127.475,564.533
173,6.92,4,1003,255,1,4.472,111.803,569.005
174,6.96,4,1007,256,1,4.123,103.078,573.129
175,7.0,4,1010,256,1,3.0,75.0,576.129
176,7.04,4,1013,260,1,5.0,125.0,581.129
177,7.08,4,1012,263,1,3.162,79.057,584.291
178,7.12,4,1026,270,1,15.652,391.312,599.943
179,7.16,4,1032,273,1,6.708,167.705,606.652
180,7.2,4,1037,276,1,5.831,145.774,612.482
181,7.24,4,1038,271,1,5.099,127.475,617.581
182,7.28,4,1029,265,1,10.817,270.416,628.398
183,7.32,4,1033,262,1,5.0,125.0,633.398
184,7.36,4,1029,266,1,5.657,141.421,639.055
185,7.4,4,1034,276,1,11.18,279.508,650.235
186,7.44,4,1041,280,1,8.062,201.556,658.298
187,7.48,4,1046,284,1,6.403,160.078,664.701
194,7.76,4,1064,290,7,18.974,67.763,683.674
0,0.0,5,905,278,0,0.0,0.0,0.0
1,0.04,5,905,278,1,0.0,0.0,0.0
2,0.08,5,904,278,1,1.0,25.0,1.0
3,0.12,5,904,278,1,0.0,0.0,1.0
4,0.16,5,904,277,1,1.0,25.0,2.0
5,0.2,5,904,277,1,0.0,0.0,2.0
6,0.24,5,904,277,1,0.0,0.0,2.0
7,0.28,5,904,277,1,0.0,0.0,2.0
8,0.32,5,905,277,1,1.0,25.0,3.0
9,0.36,5,905,278,1,1.0,25.0,4.0
10,0.4,5,906,278,1,1.0,25.0,5.0
11,0.44,5,906,278,1,0.0,0.0,5.0
12,0.48,5,906,277,1,1.0,25.0,6.0
13,0.52,5,906,277,1,0.0,0.0,6.0
14,0.56,5,906,276,1,1.0,25.0,7.0
15,0.6,5,906,276,1,0.0,0.0,7.0
16,0.64,5,906,275,1,1.0,25.0,8.0
17,0.68,5,906,275,1,0.0,0.0,8.0
18,0.72,5,907,274,1,1.414,35.355,9.414
19,0.76,5,907,274,1,0.0,0.0,9.414
20,0.8,5,908,273,1,1.414,35.355,10.828
21,0.84,5,908,273,1,0.0,0.0,10.828
22,0.88,5,908,272,1,1.0,25.0,11.828
23,0.92,5,908,271,1,1.0,25.0,12.828
24,0.96,5,908,270,1,1.0,25.0,13.828
25,1.0,5,908,270,1,0.0,0.0,13.828
26,1.04,5,907,269,1,1.414,35.355,15.243
27,1.08,5,906,269,1,1.0,25.0,16.243
28,1.12,5,903,269,1,3.0,75.0,19.243
29,1.16,5,901,269,1,2.0,50.0,21.243
30,1.2,5,896,268,1,5.099,127.475,26.342
31,1.24,5,893,267,1,3.162,79.057,29.504
32,1.28,5,887,267,1,6.0,150.0,35.504
33,1.32,5,882,266,1,5.099,127.475,40.603
34,1.36,5,875,265,1,7.071,176.777,47.674
35,1.4,5,870,264,1,5.099,127.475,52.773
36,1.44,5,862,263,1,8.062,201.556,60.835
37,1.48,5,857,263,1,5.0,125.0,65.835
38,1.52,5,848,262,1,9.055,226.385,74.891
39,1.56,5,841,261,1,7.071,176.777,81.962
40,1.6,5,832,262,1,9.055,226.385,91.017
41,1.64,5,825,261,1,7.071,176.777,98.088
42,1.68,5,816,261,1,9.0,225.0,107.088
43,1.72,5,810,261,1,6.0,150.0,113.088
44,1.76,5,802,261,1,8.0,200.0,121.088
45,1.8,5,796,261,1,6.0,150.0,127.088
46,1.84,5,788,261,1,8.0,200.0,135.088
47,1.88,5,782,261,1,6.0,150.0,141.088
48,1.92,5,774,261,1,8.0,200.0,149.088
49,1.96,5,768,262,1,6.083,152.069,155.171
50,2.0,5,759,262,1,9.0,225.0,164.171
51,2.04,5,752,262,1,7.0,175.0,171.171
52,2.08,5,744,261,1,8.062,201.556,179.233
53,2.12,5,737,261,1,7.0,175.0,186.233
54,2.16,5,728,260,1,9.055,226.385,195.289
55,2.2,5,721,259,1,7.071,176.777,202.36
56,2.24,5,713,259,1,8.0,200.0,210.36
57,2.28,5,706,258,1,7.071,176.777,217.431
58,2.32,5,697,258,1,9.0,225.0,226.431
59,2.36,5,693,259,1,4.123,103.078,230.554
60,2.4,5,686,260,1,7.071,176.777,237.625
0,0.0,6,398,279,0,0.0,0.0,0.0
1,0.04,6,398,279,1,0.0,0.0,0.0
2,0.08,6,398,279,1,0.0,0.0,0.0
3,0.12,6,397,279,1,1.0,25.0,1.0
4,0.16,6,397,279,1,0.0,0.0,1.0
5,0.2,6,396,280,1,1.414,35.355,2.414
6,0.24,6,395,279,1,1.414,35.355,3.828
7,0.28,6,395,279,1,0.0,0.0,3.828
8,0.32,6,394,279,1,1.0,25.0,4.828
9,0.36,6,394,280,1,1.0,25.0,5.828
10,0.4,6,394,278,1,2.0,50.0,7.828
11,0.44,6,393,276,1,2.236,55.902,10.064
12,0.48,6,393,275,1,1.0,25.0,11.064
13,0.52,6,393,274,1,1.0,25.0,12.064
14,0.56,6,393,273,1,1.0,25.0,13.064
15,0.6,6,393,273,1,0.0,0.0,13.064
16,0.64,6,394,272,1,1.414,35.355,14.479
17,0.68,6,394,272,1,0.0,0.0,14.479
18,0.72,6,393,271,1,1.414,35.355,15.893
19,0.76,6,392,270,1,1.414,35.355,17.307
20,0.8,6,391,270,1,1.0,25.0,18.307
21,0.84,6,391,269,1,1.0,25.0,19.307
22,0.88,6,390,270,1,1.414,35.355,20.721
23,0.92,6,389,269,1,1.414,35.355,22.136
24,0.96,6,387,269,1,2.0,50.0,24.136
25,1.0,6,385,269,1,2.0,50.0,26.136
26,1.04,6,382,268,1,3.162,79.057,29.298
27,1.08,6,380,267,1,2.236,55.902,31.534
28,1.12,6,377,265,1,3.606,90.139,35.139
29,1.16,6,374,264,1,3.162,79.057,38.302
30,1.2,6,370,260,1,5.657,141.421,43.959
31,1.24,6,366,258,1,4.472,111.803,48.431
32,1.28,6,359,260,1,7.28,182.003,55.711
33,1.32,6,354,261,1,5.099,127.475,60.81
34,1.36,6,346,261,1,8.0,200.0,68.81
35,1.4,6,341,261,1,5.0,125.0,73.81
36,1.44,6,331,260,1,10.05,251.247,83.86
37,1.48,6,325,260,1,6.0,150.0,89.86
38,1.52,6,315,259,1,10.05,251.247,99.91
39,1.56,6,308,259,1,7.0,175.0,106.91
40,1.6,6,296,258,1,12.042,301.04,118.951
41,1.64,6,288,258,1,8.0,200.0,126.951
42,1.68,6,278,257,1,10.05,251.247,137.001
43,1.72,6,271,257,1,7.0,175.0,144.001
44,1.76,6,260,256,1,11.045,276.134,155.046
45,1.8,6,252,257,1,8.062,201.556,163.109
46,1.84,6,243,256,1,9.055,226.385,172.164
47,1.88,6,235,256,1,8.0,200.0,180.164
48,1.92,6,225,257,1,10.05,251.247,190.214
49,1.96,6,217,256,1,8.062,201.556,198.276
50,2.0,6,205,256,1,12.0,300.0,210.276
51,2.04,6,196,256,1,9.0,225.0,219.276
52,2.08,6,184,255,1,12.042,301.04,231.318
53,2.12,6,176,256,1,8.062,201.556,239.38
58,2.32,6,119,254,5,57.035,285.175,296.415
59,2.36,6,112,258,1,8.062,201.556,304.477
60,2.4,6,102,257,1,10.05,251.247,314.527
61,2.44,6,95,255,1,7.28,182.003,321.807
62,2.48,6,86,254,1,9.055,226.385,330.863
63,2.52,6,81,253,1,5.099,127.475,335.962
64,2.56,6,74,251,1,7.28,182.003,343.242
65,2.6,6,68,251,1,6.0,150.0,349.242
66,2.64,6,60,250,1,8.062,201.556,357.304
67,2.68,6,55,251,1,5.099,127.475,362.403
68,2.72,6,50,251,1,5.0,125.0,367.403
69,2.76,6,47,249,1,3.606,90.139,371.009
70,2.8,6,44,250,1,3.162,79.057,374.171
71,2.84,6,42,250,1,2.0,50.0,376.171
72,2.88,6,39,250,1,3.0,75.0,379.171
73,2.92,6,37,250,1,2.0,50.0,381.171
74,2.96,6,33,249,1,4.123,103.078,385.294
75,3.0,6,31,250,1,2.236,55.902,387.53
76,3.04,6,27,250,1,4.0,100.0,391.53
77,3.08,6,23,250,1,4.0,100.0,395.53
78,3.12,6,20,249,1,3.162,79.057,398.692
79,3.16,6,19,249,1,1.0,25.0,399.692
80,3.2,6,19,248,1,1.0,25.0,400.692
81,3.24,6,18,248,1,1.0,25.0,401.692
82,3.28,6,16,247,1,2.236,55.902,403.929
83,3.32,6,15,247,1,1.0,25.0,404.929
9,0.36,7,463,280,0,0.0,0.0,0.0
10,0.4,7,457,282,1,6.325,158.114,6.325
11,0.44,7,454,282,1,3.0,75.0,9.325
12,0.48,7,455,283,1,1.414,35.355,10.739
13,0.52,7,455,283,1,0.0,0.0,10.739
14,0.56,7,456,282,1,1.414,35.355,12.153
15,0.6,7,457,282,1,1.0,25.0,13.153
16,0.64,7,464,281,1,7.071,176.777,20.224
17,0.68,7,473,279,1,9.22,230.489,29.444
18,0.72,7,487,273,1,15.232,380.789,44.675
19,0.76,7,496,267,1,10.817,270.416,55.492
20,0.8,7,518,261,1,22.804,570.088,78.295
21,0.84,7,530,258,1,12.369,309.233,90.665
22,0.88,7,536,258,1,6.0,150.0,96.665
23,0.92,7,539,257,1,3.162,79.057,99.827
24,0.96,7,535,258,1,4.123,103.078,103.95
25,1.0,7,531,259,1,4.123,103.078,108.073
26,1.04,7,516,258,1,15.033,375.832,123.106
27,1.08,7,504,258,1,12.0,300.0,135.106
28,1.12,7,488,251,1,17.464,436.606,152.571
29,1.16,7,477,245,1,12.53,313.249,165.101
30,1.2,7,501,240,1,24.515,612.883,189.616
31,1.24,7,505,238,1,4.472,111.803,194.088
32,1.28,7,498,238,1,7.0,175.0,201.088
33,1.32,7,493,239,1,5.099,127.475,206.187
34,1.36,7,492,238,1,1.414,35.355,207.601
35,1.4,7,491,232,1,6.083,152.069,213.684
36,1.44,7,479,234,1,12.166,304.138,225.85
37,1.48,7,470,231,1,9.487,237.171,235.336
38,1.52,7,456,235,1,14.56,364.005,249.897
39,1.56,7,435,234,1,21.024,525.595,270.92
40,1.6,7,429,233,1,6.083,152.069,277.003
41,1.64,7,425,231,1,4.472,111.803,281.475
42,1.68,7,416,230,1,9.055,226.385,290.531
43,1.72,7,404,229,1,12.042,301.04,302.572
44,1.76,7,389,232,1,15.297,382.426,317.869
45,1.8,7,375,237,1,14.866,371.652,332.735
46,1.84,7,364,241,1,11.705,292.617,344.44
47,1.88,7,355,243,1,9.22,230.489,353.66
48,1.92,7,341,230,1,19.105,477.624,372.765
49,1.96,7,330,227,1,11.402,285.044,384.166
50,2.0,7,316,229,1,14.142,353.553,398.309
51,2.04,7,305,227,1,11.18,279.508,409.489
52,2.08,7,284,231,1,21.378,534.439,430.866
53,2.12,7,267,235,1,17.464,436.606,448.331
54,2.16,7,245,240,1,22.561,564.026,470.892
55,2.2,7,249,243,1,5.0,125.0,475.892
56,2.24,7,244,245,1,5.385,134.629,481.277
57,2.28,7,234,247,1,10.198,254.951,491.475
58,2.32,7,214,248,1,20.025,500.625,511.5
59,2.36,7,204,251,1,10.44,261.008,521.94
60,2.4,7,199,254,1,5.831,145.774,527.771
61,2.44,7,195,253,1,4.123,103.078,531.894
62,2.48,7,193,253,1,2.0,50.0,533.894
63,2.52,7,190,251,1,3.606,90.139,537.5
64,2.56,7,189,252,1,1.414,35.355,538.914
65,2.6,7,183,253,1,6.083,152.069,544.997
66,2.64,7,177,257,1,7.211,180.278,552.208
67,2.68,7,179,259,1,2.828,70.711,555.036
68,2.72,7,184,262,1,5.831,145.774,560.867
69,2.76,7,188,266,1,5.657,141.421,566.524
70,2.8,7,192,269,1,5.0,125.0,571.524
71,2.84,7,204,267,1,12.166,304.138,583.69
72,2.88,7,214,262,1,11.18,279.508,594.87
73,2.92,7,216,260,1,2.828,70.711,597.698
74,2.96,7,232,261,1,16.031,400.78,613.73
75,3.0,7,252,263,1,20.1,502.494,633.829
76,3.04,7,263,266,1,11.402,285.044,645.231
77,3.08,7,268,259,1,8.602,215.058,653.833
78,3.12,7,274,259,1,6.0,150.0,659.833
79,3.16,7,282,259,1,8.0,200.0,667.833
80,3.2,7,304,260,1,22.023,550.568,689.856
81,3.24,7,318,261,1,14.036,350.892,703.892
82,3.28,7,337,266,1,19.647,491.172,723.539
83,3.32,7,348,268,1,11.18,279.508,734.719
84,3.36,7,359,269,1,11.045,276.134,745.764
85,3.4,7,361,269,1,2.0,50.0,747.764
86,3.44,7,362,269,1,1.0,25.0,748.764
87,3.48,7,355,268,1,7.071,176.777,755.836
88,3.52,7,324,268,1,31.0,775.0,786.836
89,3.56,7,306,270,1,18.111,452.769,804.946
90,3.6,7,306,271,1,1.0,25.0,805.946
91,3.64,7,312,273,1,6.325,158.114,812.271
92,3.68,7,320,277,1,8.944,223.607,821.215
93,3.72,7,316,279,1,4.472,111.803,825.687
94,3.76,7,290,270,1,27.514,687.841,853.201
95,3.8,7,270,263,1,21.19,529.741,874.39
96,3.84,7,257,259,1,13.601,340.037,887.992
97,3.88,7,262,259,1,5.0,125.0,892.992
98,3.92,7,276,259,1,14.0,350.0,906.992
99,3.96,7,285,258,1,9.055,226.385,916.047
100,4.0,7,297,259,1,12.042,301.04,928.089
101,4.04,7,300,260,1,3.162,79.057,931.251
102,4.08,7,313,261,1,13.038,325.96,944.29
103,4.12,7,307,252,1,10.817,270.416,955.106
104,4.16,7,297,247,1,11.18,279.508,966.287
105,4.2,7,287,245,1,10.198,254.951,976.485
106,4.24,7,275,244,1,12.042,301.04,988.526
107,4.28,7,272,243,1,3.162,79.057,991.689
108,4.32,7,277,243,1,5.0,125.0,996.689
109,4.36,7,278,245,1,2.236,55.902,998.925
110,4.4,7,282,247,1,4.472,111.803,1003.397
111,4.44,7,285,246,1,3.162,79.057,1006.559
112,4.48,7,300,244,1,15.133,378.319,1021.692
113,4.52,7,306,243,1,6.083,152.069,1027.775
114,4.56,7,292,241,1,14.142,353.553,1041.917
115,4.6,7,312,242,1,20.025,500.625,1061.942
116,4.64,7,328,243,1,16.031,400.78,1077.973
117,4.68,7,334,245,1,6.325,158.114,1084.297
120,4.8,7,339,251,3,7.81,65.085,1092.108
121,4.84,7,349,249,1,10.198,254.951,1102.306
122,4.88,7,365,230,1,24.839,620.987,1127.145
123,4.92,7,377,224,1,13.416,335.41,1140.562
124,4.96,7,401,239,1,28.302,707.549,1168.864
125,5.0,7,401,244,1,5.0,125.0,1173.864
126,5.04,7,404,247,1,4.243,106.066,1178.106
127,5.08,7,405,246,1,1.414,35.355,1179.52
128,5.12,7,403,244,1,2.828,70.711,1182.349
129,5.16,7,406,244,1,3.0,75.0,1185.349
130,5.2,7,416,245,1,10.05,251.247,1195.399
131,5.24,7,424,247,1,8.246,206.155,1203.645
132,5.28,7,440,250,1,16.279,406.971,1219.924
133,5.32,7,453,250,1,13.0,325.0,1232.924
134,5.36,7,472,246,1,19.416,485.412,1252.34
135,5.4,7,486,244,1,14.142,353.553,1266.482
136,5.44,7,504,240,1,18.439,460.977,1284.921
137,5.48,7,517,241,1,13.038,325.96,1297.96
138,5.52,7,536,243,1,19.105,477.624,1317.065
139,5.56,7,550,245,1,14.142,353.553,1331.207
140,5.6,7,568,248,1,18.248,456.207,1349.455
141,5.64,7,583,249,1,15.033,375.832,1364.489
142,5.68,7,602,249,1,19.0,475.0,1383.489
143,5.72,7,614,247,1,12.166,304.138,1395.654
144,5.76,7,627,240,1,14.765,369.121,1410.419
145,5.8,7,635,217,1,24.352,608.79,1434.77
146,5.84,7,645,229,1,15.62,390.512,1450.391
147,5.88,7,651,233,1,7.211,180.278,1457.602
148,5.92,7,660,245,1,15.0,375.0,1472.602
149,5.96,7,664,252,1,8.062,201.556,1480.664
150,6.0,7,668,255,1,5.0,125.0,1485.664
151,6.04,7,672,260,1,6.403,160.078,1492.067
152,6.08,7,678,265,1,7.81,195.256,1499.878
153,6.12,7,684,264,1,6.083,152.069,1505.96
154,6.16,7,690,255,1,10.817,270.416,1516.777
155,6.2,7,695,253,1,5.385,134.629,1522.162
156,6.24,7,702,252,1,7.071,176.777,1529.233
157,6.28,7,708,253,1,6.083,152.069,1535.316
158,6.32,7,717,256,1,9.487,237.171,1544.803
159,6.36,7,723,258,1,6.325,158.114,1551.128
160,6.4,7,727,262,1,5.657,141.421,1556.784
161,6.44,7,728,264,1,2.236,55.902,1559.02
162,6.48,7,725,259,1,5.831,145.774,1564.851
163,6.52,7,719,253,1,8.485,212.132,1573.337
164,6.56,7,707,252,1,12.042,301.04,1585.378
165,6.6,7,698,249,1,9.487,237.171,1594.865
166,6.64,7,681,250,1,17.029,425.735,1611.894
167,6.68,7,666,250,1,15.0,375.0,1626.894
168,6.72,7,643,254,1,23.345,583.631,1650.24
169,6.76,7,625,258,1,18.439,460.977,1668.679
170,6.8,7,612,259,1,13.038,325.96,1681.717
171,6.84,7,612,265,1,6.0,150.0,1687.717
172,6.88,7,629,266,1,17.029,425.735,1704.747
173,6.92,7,639,264,1,10.198,254.951,1714.945
174,6.96,7,653,260,1,14.56,364.005,1729.505
175,7.0,7,659,257,1,6.708,167.705,1736.213
176,7.04,7,652,256,1,7.071,176.777,1743.284
177,7.08,7,642,257,1,10.05,251.247,1753.334
178,7.12,7,632,258,1,10.05,251.247,1763.384
179,7.16,7,635,260,1,3.606,90.139,1766.989
180,7.2,7,655,265,1,20.616,515.388,1787.605
181,7.24,7,669,270,1,14.866,371.652,1802.471
182,7.28,7,642,268,1,27.074,676.849,1829.545
183,7.32,7,638,240,1,28.284,707.107,1857.829
184,7.36,7,628,237,1,10.44,261.008,1868.27
185,7.4,7,630,238,1,2.236,55.902,1870.506
186,7.44,7,612,249,1,21.095,527.376,1891.601
187,7.48,7,601,253,1,11.705,292.617,1903.305
188,7.52,7,583,259,1,18.974,474.342,1922.279
189,7.56,7,570,265,1,14.318,357.946,1936.597
190,7.6,7,572,266,1,2.236,55.902,1938.833
191,7.64,7,578,269,1,6.708,167.705,1945.541
192,7.68,7,590,273,1,12.649,316.228,1958.19
193,7.72,7,595,266,1,8.602,215.058,1966.793
194,7.76,7,595,244,1,22.0,550.0,1988.793
195,7.8,7,580,234,1,18.028,450.694,2006.82
203,8.12,7,480,266,8,104.995,328.11,2111.816
204,8.16,7,444,243,1,42.72,1068.0,2154.536
205,8.2,7,424,237,1,20.881,522.015,2175.416
206,8.24,7,438,240,1,14.318,357.946,2189.734
207,8.28,7,430,245,1,9.434,235.85,2199.168
208,8.32,7,405,248,1,25.179,629.484,2224.347
209,8.36,7,382,251,1,23.195,579.871,2247.542
210,8.4,7,346,254,1,36.125,903.12,2283.667
211,8.44,7,334,255,1,12.042,301.04,2295.709
212,8.48,7,324,257,1,10.198,254.951,2305.907
213,8.52,7,318,251,1,8.485,212.132,2314.392
214,8.56,7,317,243,1,8.062,201.556,2322.454
215,8.6,7,315,239,1,4.472,111.803,2326.926
216,8.64,7,305,238,1,10.05,251.247,2336.976
217,8.68,7,294,243,1,12.083,302.076,2349.059
218,8.72,7,265,249,1,29.614,740.355,2378.673
219,8.76,7,241,253,1,24.331,608.276,2403.004
220,8.8,7,206,259,1,35.511,887.764,2438.515
221,8.84,7,189,262,1,17.263,431.567,2455.778
222,8.88,7,177,266,1,12.649,316.228,2468.427
223,8.92,7,168,266,1,9.0,225.0,2477.427
224,8.96,7,158,250,1,18.868,471.699,2496.295
225,9.0,7,152,244,1,8.485,212.132,2504.78
226,9.04,7,144,248,1,8.944,223.607,2513.724
227,9.08,7,135,251,1,9.487,237.171,2523.211
228,9.12,7,124,256,1,12.083,302.076,2535.294
229,9.16,7,116,259,1,8.544,213.6,2543.838
230,9.2,7,107,261,1,9.22,230.489,2553.058
231,9.24,7,102,264,1,5.831,145.774,2558.889
232,9.28,7,97,262,1,5.385,134.629,2564.274
233,9.32,7,92,256,1,7.81,195.256,2572.084
234,9.36,7,86,245,1,12.53,313.249,2584.614
235,9.4,7,81,241,1,6.403,160.078,2591.017
236,9.44,7,89,241,1,8.0,200.0,2599.017
237,9.48,7,96,245,1,8.062,201.556,2607.079
238,9.52,7,106,252,1,12.207,305.164,2619.286
239,9.56,7,114,260,1,11.314,282.843,2630.6
9,0.36,8,971,292,0,0.0,0.0,0.0
10,0.4,8,971,292,1,0.0,0.0,0.0
11,0.44,8,971,292,1,0.0,0.0,0.0
12,0.48,8,971,291,1,1.0,25.0,1.0
13,0.52,8,971,290,1,1.0,25.0,2.0
14,0.56,8,971,289,1,1.0,25.0,3.0
15,0.6,8,971,288,1,1.0,25.0,4.0
16,0.64,8,971,288,1,0.0,0.0,4.0
17,0.68,8,971,288,1,0.0,0.0,4.0
18,0.72,8,972,287,1,1.414,35.355,5.414
19,0.76,8,972,287,1,0.0,0.0,5.414
20,0.8,8,972,286,1,1.0,25.0,6.414
21,0.84,8,972,286,1,0.0,0.0,6.414
22,0.88,8,972,285,1,1.0,25.0,7.414
23,0.92,8,971,285,1,1.0,25.0,8.414
24,0.96,8,971,283,1,2.0,50.0,10.414
25,1.0,8,970,282,1,1.414,35.355,11.828
26,1.04,8,968,282,1,2.0,50.0,13.828
27,1.08,8,967,281,1,1.414,35.355,15.243
28,1.12,8,963,280,1,4.123,103.078,19.366
29,1.16,8,960,280,1,3.0,75.0,22.366
30,1.2,8,957,279,1,3.162,79.057,25.528
31,1.24,8,952,279,1,5.0,125.0,30.528
32,1.28,8,946,279,1,6.0,150.0,36.528
33,1.32,8,941,278,1,5.099,127.475,41.627
34,1.36,8,934,277,1,7.071,176.777,48.698
35,1.4,8,928,276,1,6.083,152.069,54.781
36,1.44,8,921,276,1,7.0,175.0,61.781
37,1.48,8,915,276,1,6.0,150.0,67.781
38,1.52,8,906,276,1,9.0,225.0,76.781
39,1.56,8,898,274,1,8.246,206.155,85.027
40,1.6,8,889,274,1,9.0,225.0,94.027
41,1.64,8,882,274,1,7.0,175.0,101.027
42,1.68,8,873,273,1,9.055,226.385,110.082
43,1.72,8,866,273,1,7.0,175.0,117.082
44,1.76,8,857,273,1,9.0,225.0,126.082
45,1.8,8,851,273,1,6.0,150.0,132.082
46,1.84,8,842,272,1,9.055,226.385,141.138
47,1.88,8,836,271,1,6.083,152.069,147.221
48,1.92,8,826,272,1,10.05,251.247,157.27
49,1.96,8,820,272,1,6.0,150.0,163.27
50,2.0,8,810,272,1,10.0,250.0,173.27
51,2.04,8,804,271,1,6.083,152.069,179.353
52,2.08,8,794,271,1,10.0,250.0,189.353
53,2.12,8,787,271,1,7.0,175.0,196.353
60,2.4,13,796,257,0,0.0,0.0,0.0
61,2.44,13,793,257,1,3.0,75.0,3.0
62,2.48,13,788,258,1,5.099,127.475,8.099
63,2.52,13,784,258,1,4.0,100.0,12.099
64,2.56,13,781,258,1,3.0,75.0,15.099
65,2.6,13,778,258,1,3.0,75.0,18.099
66,2.64,13,775,258,1,3.0,75.0,21.099
67,2.68,13,773,258,1,2.0,50.0,23.099
68,2.72,13,772,259,1,1.414,35.355,24.513
69,2.76,13,772,259,1,0.0,0.0,24.513
70,2.8,13,773,259,1,1.0,25.0,25.513
71,2.84,13,774,260,1,1.414,35.355,26.927
72,2.88,13,775,260,1,1.0,25.0,27.927
73,2.92,13,776,261,1,1.414,35.355,29.342
74,2.96,13,776,260,1,1.0,25.0,30.342
75,3.0,13,775,260,1,1.0,25.0,31.342
76,3.04,13,775,260,1,0.0,0.0,31.342
77,3.08,13,774,260,1,1.0,25.0,32.342
78,3.12,13,774,260,1,0.0,0.0,32.342
79,3.16,13,774,260,1,0.0,0.0,32.342
80,3.2,13,775,259,1,1.414,35.355,33.756
81,3.24,13,776,259,1,1.0,25.0,34.756
82,3.28,13,776,258,1,1.0,25.0,35.756
83,3.32,13,777,257,1,1.414,35.355,37.17
84,3.36,13,776,257,1,1.0,25.0,38.17
85,3.4,13,776,257,1,0.0,0.0,38.17
86,3.44,13,776,257,1,0.0,0.0,38.17
87,3.48,13,777,257,1,1.0,25.0,39.17
88,3.52,13,778,256,1,1.414,35.355,40.584
89,3.56,13,780,256,1,2.0,50.0,42.584
90,3.6,13,786,261,1,7.81,195.256,50.395
91,3.64,13,786,264,1,3.0,75.0,53.395
92,3.68,13,784,262,1,2.828,70.711,56.223
93,3.72,13,782,260,1,2.828,70.711,59.051
94,3.76,13,783,248,1,12.042,301.04,71.093
95,3.8,13,782,239,1,9.055,226.385,80.148
96,3.84,13,782,230,1,9.0,225.0,89.148
97,3.88,13,782,227,1,3.0,75.0,92.148
68,2.72,15,1121,241,0,0.0,0.0,0.0
69,2.76,15,1121,241,1,0.0,0.0,0.0
70,2.8,15,1120,242,1,1.414,35.355,1.414
71,2.84,15,1121,242,1,1.0,25.0,2.414
72,2.88,15,1121,242,1,0.0,0.0,2.414
73,2.92,15,1120,243,1,1.414,35.355,3.828
74,2.96,15,1118,243,1,2.0,50.0,5.828
75,3.0,15,1117,243,1,1.0,25.0,6.828
76,3.04,15,1116,242,1,1.414,35.355,8.243
77,3.08,15,1115,242,1,1.0,25.0,9.243
78,3.12,15,1115,242,1,0.0,0.0,9.243
79,3.16,15,1115,242,1,0.0,0.0,9.243
80,3.2,15,1114,242,1,1.0,25.0,10.243
81,3.24,15,1114,243,1,1.0,25.0,11.243
82,3.28,15,1113,243,1,1.0,25.0,12.243
83,3.32,15,1112,243,1,1.0,25.0,13.243
84,3.36,15,1111,243,1,1.0,25.0,14.243
88,3.52,15,1103,243,4,8.0,50.0,22.243
89,3.56,15,1102,243,1,1.0,25.0,23.243
90,3.6,15,1100,243,1,2.0,50.0,25.243
91,3.64,15,1100,244,1,1.0,25.0,26.243
92,3.68,15,1099,245,1,1.414,35.355,27.657
93,3.72,15,1098,245,1,1.0,25.0,28.657
94,3.76,15,1096,245,1,2.0,50.0,30.657
95,3.8,15,1094,244,1,2.236,55.902,32.893
96,3.84,15,1089,244,1,5.0,125.0,37.893
97,3.88,15,1086,244,1,3.0,75.0,40.893
98,3.92,15,1082,243,1,4.123,103.078,45.016
100,4.0,15,1070,243,2,12.0,150.0,57.016
101,4.04,15,1065,243,1,5.0,125.0,62.016
102,4.08,15,1059,244,1,6.083,152.069,68.099
103,4.12,15,1055,245,1,4.123,103.078,72.222
104,4.16,15,1049,244,1,6.083,152.069,78.305
107,4.28,15,1030,245,3,19.026,158.552,97.331
111,4.44,15,997,246,4,33.015,206.345,130.346
69,2.76,16,698,265,0,0.0,0.0,0.0
70,2.8,16,697,266,1,1.414,35.355,1.414
71,2.84,16,696,267,1,1.414,35.355,2.828
72,2.88,16,695,268,1,1.414,35.355,4.243
73,2.92,16,694,268,1,1.0,25.0,5.243
74,2.96,16,692,267,1,2.236,55.902,7.479
75,3.0,16,690,267,1,2.0,50.0,9.479
76,3.04,16,688,268,1,2.236,55.902,11.715
75,3.0,17,664,260,0,0.0,0.0,0.0
76,3.04,17,664,261,1,1.0,25.0,1.0
77,3.08,17,664,262,1,1.0,25.0,2.0
78,3.12,17,665,264,1,2.236,55.902,4.236
79,3.16,17,665,264,1,0.0,0.0,4.236
80,3.2,17,667,266,1,2.828,70.711,7.064
81,3.24,17,670,264,1,3.606,90.139,10.67
82,3.28,17,672,265,1,2.236,55.902,12.906
109,4.36,17,722,263,27,50.04,46.333,62.946
110,4.4,17,721,262,1,1.414,35.355,64.36
111,4.44,17,719,259,1,3.606,90.139,67.966
112,4.48,17,714,259,1,5.0,125.0,72.966
113,4.52,17,710,262,1,5.0,125.0,77.966
114,4.56,17,704,258,1,7.211,180.278,85.177
115,4.6,17,701,257,1,3.162,79.057,88.339
116,4.64,17,695,255,1,6.325,158.114,94.664
117,4.68,17,692,254,1,3.162,79.057,97.826
118,4.72,17,689,253,1,3.162,79.057,100.988
100,4.0,22,768,262,0,0.0,0.0,0.0
101,4.04,22,765,264,1,3.606,90.139,3.606
102,4.08,22,762,273,1,9.487,237.171,13.092
105,4.2,23,1256,296,0,0.0,0.0,0.0
107,4.28,24,1242,297,0,0.0,0.0,0.0
109,4.36,26,1225,296,0,0.0,0.0,0.0
111,4.44,27,1208,298,0,0.0,0.0,0.0
113,4.52,28,1189,301,0,0.0,0.0,0.0
115,4.6,29,1172,300,0,0.0,0.0,0.0
115,4.6,30,1269,287,0,0.0,0.0,0.0
116,4.64,30,1266,286,1,3.162,79.057,3.162
117,4.68,30,1263,286,1,3.0,75.0,6.162
118,4.72,30,1260,285,1,3.162,79.057,9.325
119,4.76,30,1259,284,1,1.414,35.355,10.739
120,4.8,30,1258,284,1,1.0,25.0,11.739
121,4.84,30,1257,286,1,2.236,55.902,13.975
122,4.88,30,1257,288,1,2.0,50.0,15.975
123,4.92,30,1258,288,1,1.0,25.0,16.975
124,4.96,30,1258,287,1,1.0,25.0,17.975
125,5.0,30,1259,287,1,1.0,25.0,18.975
126,5.04,30,1259,288,1,1.0,25.0,19.975
127,5.08,30,1260,287,1,1.414,35.355,21.389
128,5.12,30,1261,287,1,1.0,25.0,22.389
129,5.16,30,1263,286,1,2.236,55.902,24.625
130,5.2,30,1265,286,1,2.0,50.0,26.625
131,5.24,30,1267,285,1,2.236,55.902,28.861
132,5.28,30,1268,286,1,1.414,35.355,30.275
133,5.32,30,1269,287,1,1.414,35.355,31.69
117,4.68,31,1157,298,0,0.0,0.0,0.0
117,4.68,32,261,245,0,0.0,0.0,0.0
118,4.72,32,265,247,1,4.472,111.803,4.472
119,4.76,32,271,249,1,6.325,158.114,10.797
120,4.8,32,280,250,1,9.055,226.385,19.852
121,4.84,32,289,252,1,9.22,230.489,29.072
122,4.88,32,313,230,1,32.558,813.941,61.629
119,4.76,33,1144,298,0,0.0,0.0,0.0
120,4.8,33,1138,297,1,6.083,152.069,6.083
121,4.84,33,1135,298,1,3.162,79.057,9.245
122,4.88,33,1131,299,1,4.123,103.078,13.368
123,4.92,33,1129,299,1,2.0,50.0,15.368
124,4.96,33,1126,299,1,3.0,75.0,18.368
125,5.0,33,1125,299,1,1.0,25.0,19.368
126,5.04,33,1122,300,1,3.162,79.057,22.53
127,5.08,33,1121,298,1,2.236,55.902,24.766
128,5.12,33,1121,298,1,0.0,0.0,24.766
129,5.16,33,1120,297,1,1.414,35.355,26.181
130,5.2,33,1121,297,1,1.0,25.0,27.181
131,5.24,33,1122,297,1,1.0,25.0,28.181
132,5.28,33,1123,297,1,1.0,25.0,29.181
133,5.32,33,1124,297,1,1.0,25.0,30.181
134,5.36,33,1126,297,1,2.0,50.0,32.181
139,5.56,33,1126,291,5,6.0,30.0,38.181
140,5.6,33,1128,292,1,2.236,55.902,40.417
141,5.64,33,1130,292,1,2.0,50.0,42.417
142,5.68,33,1132,292,1,2.0,50.0,44.417
143,5.72,33,1134,293,1,2.236,55.902,46.653
144,5.76,33,1135,292,1,1.414,35.355,48.067
145,5.8,33,1136,293,1,1.414,35.355,49.481
146,5.84,33,1136,291,1,2.0,50.0,51.481
147,5.88,33,1137,290,1,1.414,35.355,52.895
148,5.92,33,1137,291,1,1.0,25.0,53.895
149,5.96,33,1136,290,1,1.414,35.355,55.31
150,6.0,33,1135,291,1,1.414,35.355,56.724
151,6.04,33,1134,291,1,1.0,25.0,57.724
125,5.0,36,487,264,0,0.0,0.0,0.0
126,5.04,36,485,265,1,2.236,55.902,2.236
127,5.08,36,484,263,1,2.236,55.902,4.472
128,5.12,36,483,262,1,1.414,35.355,5.886
129,5.16,36,482,261,1,1.414,35.355,7.301
130,5.2,36,481,262,1,1.414,35.355,8.715
131,5.24,36,482,264,1,2.236,55.902,10.951
140,5.6,36,483,259,9,5.099,14.164,16.05
141,5.64,36,483,258,1,1.0,25.0,17.05
142,5.68,36,485,258,1,2.0,50.0,19.05
143,5.72,36,486,258,1,1.0,25.0,20.05
144,5.76,36,487,258,1,1.0,25.0,21.05
145,5.8,36,487,259,1,1.0,25.0,22.05
146,5.84,36,487,258,1,1.0,25.0,23.05
147,5.88,36,488,258,1,1.0,25.0,24.05
148,5.92,36,488,258,1,0.0,0.0,24.05
149,5.96,36,487,258,1,1.0,25.0,25.05
150,6.0,36,485,258,1,2.0,50.0,27.05
151,6.04,36,484,258,1,1.0,25.0,28.05
152,6.08,36,480,258,1,4.0,100.0,32.05
153,6.12,36,476,259,1,4.123,103.078,36.173
154,6.16,36,471,257,1,5.385,134.629,41.558
155,6.2,36,466,258,1,5.099,127.475,46.657
156,6.24,36,459,257,1,7.071,176.777,53.728
157,6.28,36,453,256,1,6.083,152.069,59.811
158,6.32,36,446,255,1,7.071,176.777,66.882
159,6.36,36,439,255,1,7.0,175.0,73.882
160,6.4,36,430,256,1,9.055,226.385,82.937
161,6.44,36,422,255,1,8.062,201.556,91.0
162,6.48,36,410,253,1,12.166,304.138,103.165
163,6.52,36,400,254,1,10.05,251.247,113.215
164,6.56,36,388,253,1,12.042,301.04,125.257
165,6.6,36,379,252,1,9.055,226.385,134.312
166,6.64,36,369,253,1,10.05,251.247,144.362
167,6.68,36,362,252,1,7.071,176.777,151.433
168,6.72,36,352,251,1,10.05,251.247,161.483
169,6.76,36,344,251,1,8.0,200.0,169.483
170,6.8,36,333,251,1,11.0,275.0,180.483
171,6.84,36,327,250,1,6.083,152.069,186.566
172,6.88,36,318,250,1,9.0,225.0,195.566
173,6.92,36,313,250,1,5.0,125.0,200.566
174,6.96,36,305,249,1,8.062,201.556,208.628
175,7.0,36,299,248,1,6.083,152.069,214.711
176,7.04,36,293,249,1,6.083,152.069,220.793
177,7.08,36,289,250,1,4.123,103.078,224.917
178,7.12,36,284,249,1,5.099,127.475,230.016
179,7.16,36,280,248,1,4.123,103.078,234.139
180,7.2,36,276,249,1,4.123,103.078,238.262
181,7.24,36,272,250,1,4.123,103.078,242.385
182,7.28,36,268,249,1,4.123,103.078,246.508
183,7.32,36,264,248,1,4.123,103.078,250.631
184,7.36,36,260,250,1,4.472,111.803,255.103
185,7.4,36,258,249,1,2.236,55.902,257.339
186,7.44,36,256,249,1,2.0,50.0,259.339
187,7.48,36,255,249,1,1.0,25.0,260.339
195,7.8,36,242,253,8,13.601,42.505,273.941
196,7.84,36,243,250,1,3.162,79.057,277.103
197,7.88,36,243,252,1,2.0,50.0,279.103
198,7.92,36,241,250,1,2.828,70.711,281.931
199,7.96,36,239,252,1,2.828,70.711,284.76
200,8.0,36,236,255,1,4.243,106.066,289.003
201,8.04,36,233,253,1,3.606,90.139,292.608
202,8.08,36,230,257,1,5.0,125.0,297.608
203,8.12,36,227,257,1,3.0,75.0,300.608
204,8.16,36,225,258,1,2.236,55.902,302.844
205,8.2,36,223,260,1,2.828,70.711,305.673
206,8.24,36,221,257,1,3.606,90.139,309.278
207,8.28,36,219,258,1,2.236,55.902,311.514
208,8.32,36,216,256,1,3.606,90.139,315.12
209,8.36,36,212,255,1,4.123,103.078,319.243
210,8.4,36,205,256,1,7.071,176.777,326.314
211,8.44,36,201,255,1,4.123,103.078,330.437
212,8.48,36,194,256,1,7.071,176.777,337.508
228,9.12,36,151,246,16,44.147,68.98,381.656
229,9.16,36,147,245,1,4.123,103.078,385.779
230,9.2,36,143,244,1,4.123,103.078,389.902
231,9.24,36,141,243,1,2.236,55.902,392.138
232,9.28,36,139,243,1,2.0,50.0,394.138
233,9.32,36,138,243,1,1.0,25.0,395.138
234,9.36,36,137,244,1,1.414,35.355,396.552
235,9.4,36,137,243,1,1.0,25.0,397.552
236,9.44,36,136,242,1,1.414,35.355,398.966
237,9.48,36,135,242,1,1.0,25.0,399.966
238,9.52,36,136,244,1,2.236,55.902,402.202
239,9.56,36,136,245,1,1.0,25.0,403.202
240,9.6,36,138,246,1,2.236,55.902,405.438
241,9.64,36,141,248,1,3.606,90.139,409.044
242,9.68,36,145,249,1,4.123,103.078,413.167
243,9.72,36,145,251,1,2.0,50.0,415.167
244,9.76,36,144,253,1,2.236,55.902,417.403
245,9.8,36,142,254,1,2.236,55.902,419.639
246,9.84,36,142,256,1,2.0,50.0,421.639
247,9.88,36,143,256,1,1.0,25.0,422.639
248,9.92,36,150,257,1,7.071,176.777,429.71
249,9.96,36,155,257,1,5.0,125.0,434.71
250,10.0,36,161,259,1,6.325,158.114,441.035
251,10.04,36,168,260,1,7.071,176.777,448.106
252,10.08,36,177,258,1,9.22,230.489,457.325
253,10.12,36,182,257,1,5.099,127.475,462.424
254,10.16,36,188,259,1,6.325,158.114,468.749
255,10.2,36,192,259,1,4.0,100.0,472.749
256,10.24,36,199,258,1,7.071,176.777,479.82
257,10.28,36,203,256,1,4.472,111.803,484.292
258,10.32,36,211,255,1,8.062,201.556,492.354
259,10.36,36,217,254,1,6.083,152.069,498.437
260,10.4,36,221,252,1,4.472,111.803,502.909
261,10.44,36,223,250,1,2.828,70.711,505.738
262,10.48,36,224,248,1,2.236,55.902,507.974
263,10.52,36,227,245,1,4.243,106.066,512.217
264,10.56,36,232,244,1,5.099,127.475,517.316
265,10.6,36,237,242,1,5.385,134.629,522.701
266,10.64,36,244,242,1,7.0,175.0,529.701
267,10.68,36,247,242,1,3.0,75.0,532.701
268,10.72,36,245,242,1,2.0,50.0,534.701
269,10.76,36,244,244,1,2.236,55.902,536.937
270,10.8,36,246,243,1,2.236,55.902,539.173
271,10.84,36,251,242,1,5.099,127.475,544.272
272,10.88,36,263,241,1,12.042,301.04,556.313
273,10.92,36,271,240,1,8.062,201.556,564.376
274,10.96,36,280,237,1,9.487,237.171,573.863
275,11.0,36,285,235,1,5.385,134.629,579.248
276,11.04,36,288,236,1,3.162,79.057,582.41
277,11.08,36,293,238,1,5.385,134.629,587.795
278,11.12,36,303,237,1,10.05,251.247,597.845
279,11.16,36,308,238,1,5.099,127.475,602.944
280,11.2,36,316,239,1,8.062,201.556,611.006
281,11.24,36,320,239,1,4.0,100.0,615.006
282,11.28,36,320,240,1,1.0,25.0,616.006
283,11.32,36,321,239,1,1.414,35.355,617.421
284,11.36,36,325,240,1,4.123,103.078,621.544
285,11.4,36,330,240,1,5.0,125.0,626.544
286,11.44,36,343,242,1,13.153,328.824,639.697
287,11.48,36,353,245,1,10.44,261.008,650.137
288,11.52,36,372,245,1,19.0,475.0,669.137
289,11.56,36,386,247,1,14.142,353.553,683.279
290,11.6,36,405,249,1,19.105,477.624,702.384
291,11.64,36,420,250,1,15.033,375.832,717.417
292,11.68,36,440,252,1,20.1,502.494,737.517
293,11.72,36,454,253,1,14.036,350.892,751.553
294,11.76,36,481,259,1,27.659,691.466,779.211
295,11.8,36,503,264,1,22.561,564.026,801.772
296,11.84,36,531,272,1,29.12,728.011,830.893
297,11.88,36,554,278,1,23.77,594.243,854.663
298,11.92,36,577,283,1,23.537,588.43,878.2
299,11.96,36,593,290,1,17.464,436.606,895.664
300,12.0,36,614,296,1,21.84,546.008,917.504
301,12.04,36,639,302,1,25.71,642.748,943.214
302,12.08,36,662,309,1,24.042,601.041,967.256
303,12.12,36,685,314,1,23.537,588.43,990.793
304,12.16,36,717,320,1,32.558,813.941,1023.351
305,12.2,36,737,324,1,20.396,509.902,1043.747
306,12.24,36,790,326,1,53.038,1325.943,1096.785
307,12.28,36,814,329,1,24.187,604.669,1120.971
308,12.32,36,847,330,1,33.015,825.379,1153.986
309,12.36,36,866,330,1,19.0,475.0,1172.986
310,12.4,36,907,327,1,41.11,1027.74,1214.096
311,12.44,36,929,325,1,22.091,552.268,1236.187
312,12.48,36,954,325,1,25.0,625.0,1261.187
313,12.52,36,972,325,1,18.0,450.0,1279.187
314,12.56,36,997,327,1,25.08,626.997,1304.267
315,12.6,36,1021,327,1,24.0,600.0,1328.267
316,12.64,36,1046,326,1,25.02,625.5,1353.287
317,12.68,36,1067,326,1,21.0,525.0,1374.287
318,12.72,36,1091,321,1,24.515,612.883,1398.802
319,12.76,36,1104,323,1,13.153,328.824,1411.955
320,12.8,36,1117,322,1,13.038,325.96,1424.993
321,12.84,36,1119,323,1,2.236,55.902,1427.229
127,5.08,37,578,248,0,0.0,0.0,0.0
128,5.12,37,580,249,1,2.236,55.902,2.236
129,5.16,37,582,249,1,2.0,50.0,4.236
130,5.2,37,586,249,1,4.0,100.0,8.236
131,5.24,37,590,251,1,4.472,111.803,12.708
132,5.28,37,594,251,1,4.0,100.0,16.708
133,5.32,37,598,251,1,4.0,100.0,20.708
134,5.36,37,600,251,1,2.0,50.0,22.708
135,5.4,37,602,250,1,2.236,55.902,24.944
136,5.44,37,604,248,1,2.828,70.711,27.773
137,5.48,37,605,246,1,2.236,55.902,30.009
138,5.52,37,609,244,1,4.472,111.803,34.481
139,5.56,37,612,242,1,3.606,90.139,38.086
140,5.6,37,617,243,1,5.099,127.475,43.185
141,5.64,37,622,244,1,5.099,127.475,48.284
142,5.68,37,631,247,1,9.487,237.171,57.771
143,5.72,37,638,255,1,10.63,265.754,68.401
144,5.76,37,644,263,1,10.0,250.0,78.401
145,5.8,37,648,268,1,6.403,160.078,84.805
146,5.84,37,654,269,1,6.083,152.069,90.887
131,5.24,39,744,255,0,0.0,0.0,0.0
132,5.28,39,754,255,1,10.0,250.0,10.0
133,5.32,39,762,256,1,8.062,201.556,18.062
134,5.36,39,774,257,1,12.042,301.04,30.104
135,5.4,39,782,257,1,8.0,200.0,38.104
136,5.44,39,793,257,1,11.0,275.0,49.104
137,5.48,39,799,257,1,6.0,150.0,55.104
138,5.52,39,808,259,1,9.22,230.489,64.323
139,5.56,39,814,258,1,6.083,152.069,70.406
140,5.6,39,823,261,1,9.487,237.171,79.893
141,5.64,39,831,261,1,8.0,200.0,87.893
142,5.68,39,841,261,1,10.0,250.0,97.893
143,5.72,39,848,262,1,7.071,176.777,104.964
144,5.76,39,859,263,1,11.045,276.134,116.009
145,5.8,39,866,264,1,7.071,176.777,123.08
146,5.84,39,874,263,1,8.062,201.556,131.143
147,5.88,39,879,262,1,5.099,127.475,136.242
148,5.92,39,887,264,1,8.246,206.155,144.488
149,5.96,39,891,264,1,4.0,100.0,148.488
150,6.0,39,897,267,1,6.708,167.705,155.196
151,6.04,39,900,267,1,3.0,75.0,158.196
152,6.08,39,904,269,1,4.472,111.803,162.668
153,6.12,39,906,271,1,2.828,70.711,165.497
154,6.16,39,908,272,1,2.236,55.902,167.733
155,6.2,39,909,273,1,1.414,35.355,169.147
156,6.24,39,911,273,1,2.0,50.0,171.147
157,6.28,39,911,272,1,1.0,25.0,172.147
158,6.32,39,915,271,1,4.123,103.078,176.27
159,6.36,39,916,270,1,1.414,35.355,177.684
160,6.4,39,916,268,1,2.0,50.0,179.684
161,6.44,39,917,267,1,1.414,35.355,181.099
162,6.48,39,917,265,1,2.0,50.0,183.099
163,6.52,39,917,264,1,1.0,25.0,184.099
164,6.56,39,913,262,1,4.472,111.803,188.571
165,6.6,39,912,259,1,3.162,79.057,191.733
166,6.64,39,915,258,1,3.162,79.057,194.895
167,6.68,39,917,256,1,2.828,70.711,197.724
168,6.72,39,918,255,1,1.414,35.355,199.138
169,6.76,39,919,255,1,1.0,25.0,200.138
170,6.8,39,921,255,1,2.0,50.0,202.138
171,6.84,39,923,256,1,2.236,55.902,204.374
172,6.88,39,921,257,1,2.236,55.902,206.61
173,6.92,39,927,257,1,6.0,150.0,212.61
174,6.96,39,936,259,1,9.22,230.489,221.83
175,7.0,39,940,258,1,4.123,103.078,225.953
176,7.04,39,941,259,1,1.414,35.355,227.367
177,7.08,39,943,260,1,2.236,55.902,229.603
178,7.12,39,947,257,1,5.0,125.0,234.603
179,7.16,39,949,256,1,2.236,55.902,236.839
180,7.2,39,951,254,1,2.828,70.711,239.667
181,7.24,39,950,253,1,1.414,35.355,241.082
182,7.28,39,951,248,1,5.099,127.475,246.181
183,7.32,39,951,244,1,4.0,100.0,250.181
184,7.36,39,951,244,1,0.0,0.0,250.181
185,7.4,39,952,242,1,2.236,55.902,252.417
186,7.44,39,961,241,1,9.055,226.385,261.472
187,7.48,39,968,244,1,7.616,190.394,269.088
188,7.52,39,977,244,1,9.0,225.0,278.088
189,7.56,39,982,246,1,5.385,134.629,283.473
190,7.6,39,987,246,1,5.0,125.0,288.473
191,7.64,39,992,252,1,7.81,195.256,296.283
192,7.68,39,1008,264,1,20.0,500.0,316.283
193,7.72,39,1028,268,1,20.396,509.902,336.679
200,8.0,39,1066,247,7,43.417,155.059,380.096
201,8.04,39,1074,246,1,8.062,201.556,388.158
202,8.08,39,1079,247,1,5.099,127.475,393.257
203,8.12,39,1082,246,1,3.162,79.057,396.42
204,8.16,39,1086,246,1,4.0,100.0,400.42
205,8.2,39,1090,248,1,4.472,111.803,404.892
206,8.24,39,1100,248,1,10.0,250.0,414.892
207,8.28,39,1109,249,1,9.055,226.385,423.947
208,8.32,39,1122,251,1,13.153,328.824,437.1
209,8.36,39,1132,252,1,10.05,251.247,447.15
210,8.4,39,1145,259,1,14.765,369.121,461.915
211,8.44,39,1156,261,1,11.18,279.508,473.095
212,8.48,39,1170,265,1,14.56,364.005,487.655
213,8.52,39,1181,269,1,11.705,292.617,499.36
225,9.0,39,1201,210,12,62.298,129.787,561.658
226,9.04,39,1207,240,1,30.594,764.853,592.252
227,9.08,39,1209,249,1,9.22,230.489,601.471
228,9.12,39,1225,258,1,18.358,458.939,619.829
229,9.16,39,1233,262,1,8.944,223.607,628.773
139,5.56,41,1212,277,0,0.0,0.0,0.0
153,6.12,42,1125,292,0,0.0,0.0,0.0
154,6.16,42,1119,289,1,6.708,167.705,6.708
155,6.2,42,1114,289,1,5.0,125.0,11.708
156,6.24,42,1106,287,1,8.246,206.155,19.954
157,6.28,42,1101,287,1,5.0,125.0,24.954
158,6.32,42,1094,286,1,7.071,176.777,32.025
161,6.44,43,624,257,0,0.0,0.0,0.0
162,6.48,43,619,253,1,6.403,160.078,6.403
163,6.52,43,616,253,1,3.0,75.0,9.403
164,6.56,43,614,252,1,2.236,55.902,11.639
165,6.6,43,611,250,1,3.606,90.139,15.245
166,6.64,43,602,250,1,9.0,225.0,24.245
167,6.68,43,590,250,1,12.0,300.0,36.245
168,6.72,43,578,249,1,12.042,301.04,48.286
169,6.76,43,574,236,1,13.601,340.037,61.888
163,6.52,44,1270,271,0,0.0,0.0,0.0
164,6.56,44,1264,273,1,6.325,158.114,6.325
165,6.6,44,1262,274,1,2.236,55.902,8.561
166,6.64,44,1259,274,1,3.0,75.0,11.561
167,6.68,44,1258,273,1,1.414,35.355,12.975
168,6.72,44,1251,273,1,7.0,175.0,19.975
169,6.76,44,1246,274,1,5.099,127.475,25.074
170,6.8,44,1238,272,1,8.246,206.155,33.32
171,6.84,44,1235,272,1,3.0,75.0,36.32
172,6.88,44,1230,271,1,5.099,127.475,41.419
173,6.92,44,1228,270,1,2.236,55.902,43.655
174,6.96,44,1225,269,1,3.162,79.057,46.817
175,7.0,44,1224,267,1,2.236,55.902,49.054
176,7.04,44,1222,267,1,2.0,50.0,51.054
177,7.08,44,1223,269,1,2.236,55.902,53.29
178,7.12,44,1224,268,1,1.414,35.355,54.704
179,7.16,44,1223,270,1,2.236,55.902,56.94
180,7.2,44,1224,272,1,2.236,55.902,59.176
181,7.24,44,1224,274,1,2.0,50.0,61.176
182,7.28,44,1223,273,1,1.414,35.355,62.59
183,7.32,44,1223,271,1,2.0,50.0,64.59
184,7.36,44,1224,273,1,2.236,55.902,66.826
185,7.4,44,1225,272,1,1.414,35.355,68.24
186,7.44,44,1229,272,1,4.0,100.0,72.24
187,7.48,44,1231,273,1,2.236,55.902,74.476
188,7.52,44,1235,271,1,4.472,111.803,78.949
189,7.56,44,1237,272,1,2.236,55.902,81.185
190,7.6,44,1240,272,1,3.0,75.0,84.185
191,7.64,44,1243,271,1,3.162,79.057,87.347
192,7.68,44,1245,274,1,3.606,90.139,90.953
193,7.72,44,1249,273,1,4.123,103.078,95.076
194,7.76,44,1254,275,1,5.385,134.629,100.461
195,7.8,44,1256,276,1,2.236,55.902,102.697
196,7.84,44,1258,275,1,2.236,55.902,104.933
197,7.88,44,1258,277,1,2.0,50.0,106.933
198,7.92,44,1259,273,1,4.123,103.078,111.056
204,8.16,44,1263,270,6,5.0,20.833,116.056
205,8.2,44,1265,269,1,2.236,55.902,118.292
173,6.92,46,592,285,0,0.0,0.0,0.0
178,7.12,47,71,299,0,0.0,0.0,0.0
179,7.16,47,90,242,1,60.083,1502.082,60.083
180,7.2,47,99,220,1,23.77,594.243,83.853
181,7.24,47,100,219,1,1.414,35.355,85.267
182,7.28,47,103,222,1,4.243,106.066,89.51
183,7.32,47,106,226,1,5.0,125.0,94.51
184,7.36,47,110,232,1,7.211,180.278,101.721
185,7.4,47,117,234,1,7.28,182.003,109.001
186,7.44,47,146,237,1,29.155,728.869,138.156
187,7.48,47,179,240,1,33.136,828.402,171.292
188,7.52,47,213,245,1,34.366,859.142,205.658
189,7.56,47,237,250,1,24.515,612.883,230.173
190,7.6,47,263,254,1,26.306,657.647,256.479
191,7.64,47,282,258,1,19.416,485.412,275.895
192,7.68,47,310,264,1,28.636,715.891,304.531
193,7.72,47,332,268,1,22.361,559.017,326.892
194,7.76,47,364,276,1,32.985,824.621,359.876
195,7.8,47,389,281,1,25.495,637.377,385.372
196,7.84,47,471,287,1,82.219,2055.48,467.591
197,7.88,47,501,293,1,30.594,764.853,498.185
198,7.92,47,506,299,1,7.81,195.256,505.995
199,7.96,47,513,307,1,10.63,265.754,516.625
200,8.0,47,544,312,1,31.401,785.016,548.026
201,8.04,47,562,317,1,18.682,467.039,566.707
202,8.08,47,583,326,1,22.847,571.183,589.555
203,8.12,47,641,329,1,58.078,1451.938,647.632
204,8.16,47,688,336,1,47.518,1187.96,695.151
205,8.2,47,724,341,1,36.346,908.639,731.496
206,8.24,47,770,341,1,46.0,1150.0,777.496
207,8.28,47,797,339,1,27.074,676.849,804.57
208,8.32,47,827,343,1,30.265,756.637,834.836
209,8.36,47,849,350,1,23.087,577.17,857.923
210,8.4,47,912,354,1,63.127,1578.171,921.049
211,8.44,47,963,357,1,51.088,1277.204,972.138
212,8.48,47,1001,343,1,40.497,1012.423,1012.634
213,8.52,47,1022,335,1,22.472,561.805,1035.107
214,8.56,47,1043,340,1,21.587,539.676,1056.694
215,8.6,47,1050,346,1,9.22,230.489,1065.913
216,8.64,47,1065,346,1,15.0,375.0,1080.913
217,8.68,47,1103,303,1,57.385,1434.617,1138.298
218,8.72,47,1129,291,1,28.636,715.891,1166.934
219,8.76,47,1134,291,1,5.0,125.0,1171.934
220,8.8,47,1127,334,1,43.566,1089.151,1215.5
221,8.84,47,1129,348,1,14.142,353.553,1229.642
222,8.88,47,1147,379,1,35.847,896.172,1265.489
223,8.92,47,1166,406,1,33.015,825.379,1298.504
183,7.32,48,717,160,0,0.0,0.0,0.0
184,7.36,48,719,173,1,13.153,328.824,13.153
185,7.4,48,724,227,1,54.231,1355.775,67.384
186,7.44,48,741,238,1,20.248,506.211,87.632
187,7.48,48,756,241,1,15.297,382.426,102.929
188,7.52,48,784,244,1,28.16,704.006,131.09
189,7.56,48,805,246,1,21.095,527.376,152.185
190,7.6,48,836,247,1,31.016,775.403,183.201
191,7.64,48,860,247,1,24.0,600.0,207.201
192,7.68,48,895,252,1,35.355,883.883,242.556
193,7.72,48,924,253,1,29.017,725.431,271.573
194,7.76,48,966,259,1,42.426,1060.66,314.0
195,7.8,48,1000,265,1,34.525,863.134,348.525
196,7.84,48,1043,268,1,43.105,1077.613,391.63
197,7.88,48,1075,272,1,32.249,806.226,423.879
198,7.92,48,1124,270,1,49.041,1226.02,472.92
199,7.96,48,1156,278,1,32.985,824.621,505.904
200,8.0,48,1181,284,1,25.71,642.748,531.614
201,8.04,48,1191,286,1,10.198,254.951,541.812
202,8.08,48,1205,293,1,15.652,391.312,557.465
185,7.4,50,996,246,0,0.0,0.0,0.0
188,7.52,50,1021,241,3,25.495,212.459,25.495
189,7.56,50,1022,245,1,4.123,103.078,29.618
190,7.6,50,1024,245,1,2.0,50.0,31.618
191,7.64,50,1021,246,1,3.162,79.057,34.78
198,7.92,50,982,271,7,46.325,165.446,81.105
199,7.96,50,988,271,1,6.0,150.0,87.105
200,8.0,50,991,275,1,5.0,125.0,92.105
202,8.08,50,970,271,2,21.378,267.219,113.483
203,8.12,50,961,269,1,9.22,230.489,122.703
204,8.16,50,957,270,1,4.123,103.078,126.826
205,8.2,50,956,273,1,3.162,79.057,129.988
206,8.24,50,959,270,1,4.243,106.066,134.231
207,8.28,50,965,261,1,10.817,270.416,145.047
208,8.32,50,949,218,1,45.88,1147.007,190.927
214,8.56,50,905,258,6,59.464,247.768,250.392
215,8.6,50,900,264,1,7.81,195.256,258.202
216,8.64,50,901,265,1,1.414,35.355,259.616
217,8.68,50,900,266,1,1.414,35.355,261.03
218,8.72,50,898,258,1,8.246,206.155,269.277
219,8.76,50,896,252,1,6.325,158.114,275.601
220,8.8,50,894,255,1,3.606,90.139,279.207
221,8.84,50,876,257,1,18.111,452.769,297.318
222,8.88,50,860,256,1,16.031,400.78,313.349
224,8.96,50,834,256,2,26.0,325.0,339.349
225,9.0,50,831,257,1,3.162,79.057,342.511
226,9.04,50,827,254,1,5.0,125.0,347.511
227,9.08,50,824,249,1,5.831,145.774,353.342
228,9.12,50,811,243,1,14.318,357.946,367.66
229,9.16,50,797,241,1,14.142,353.553,381.802
230,9.2,50,757,241,1,40.0,1000.0,421.802
231,9.24,50,735,241,1,22.0,550.0,443.802
232,9.28,50,714,243,1,21.095,527.376,464.897
233,9.32,50,705,243,1,9.0,225.0,473.897
234,9.36,50,710,245,1,5.385,134.629,479.282
235,9.4,50,717,245,1,7.0,175.0,486.282
236,9.44,50,710,238,1,9.899,247.487,496.182
237,9.48,50,700,231,1,12.207,305.164,508.388
238,9.52,50,684,232,1,16.031,400.78,524.419
239,9.56,50,670,235,1,14.318,357.946,538.737
240,9.6,50,640,239,1,30.265,756.637,569.003
241,9.64,50,617,243,1,23.345,583.631,592.348
242,9.68,50,586,249,1,31.575,789.383,623.923
243,9.72,50,570,253,1,16.492,412.311,640.416
244,9.76,50,556,258,1,14.866,371.652,655.282
245,9.8,50,539,262,1,17.464,436.606,672.746
246,9.84,50,510,251,1,31.016,775.403,703.762
247,9.88,50,487,243,1,24.352,608.79,728.114
248,9.92,50,450,239,1,37.216,930.39,765.329
249,9.96,50,417,240,1,33.015,825.379,798.344
250,10.0,50,400,254,1,22.023,550.568,820.367
251,10.04,50,392,267,1,15.264,381.608,835.631
252,10.08,50,375,292,1,30.232,755.811,865.864
253,10.12,50,354,302,1,23.259,581.485,889.123
254,10.16,50,333,320,1,27.659,691.466,916.782
255,10.2,50,331,331,1,11.18,279.508,927.962
256,10.24,50,335,346,1,15.524,388.104,943.486
257,10.28,50,338,357,1,11.402,285.044,954.888
258,10.32,50,348,370,1,16.401,410.03,971.289
259,10.36,50,352,380,1,10.77,269.258,982.06
260,10.4,50,347,391,1,12.083,302.076,994.143
261,10.44,50,353,401,1,11.662,291.548,1005.805
262,10.48,50,357,416,1,15.524,388.104,1021.329
263,10.52,50,359,422,1,6.325,158.114,1027.653
264,10.56,50,361,426,1,4.472,111.803,1032.126
265,10.6,50,361,427,1,1.0,25.0,1033.126
266,10.64,50,360,430,1,3.162,79.057,1036.288
267,10.68,50,362,434,1,4.472,111.803,1040.76
268,10.72,50,362,439,1,5.0,125.0,1045.76
269,10.76,50,362,444,1,5.0,125.0,1050.76
270,10.8,50,360,449,1,5.385,134.629,1056.145
271,10.84,50,358,452,1,3.606,90.139,1059.751
272,10.88,50,355,453,1,3.162,79.057,1062.913
273,10.92,50,361,454,1,6.083,152.069,1068.996
274,10.96,50,383,456,1,22.091,552.268,1091.086
275,11.0,50,404,458,1,21.095,527.376,1112.182
276,11.04,50,438,463,1,34.366,859.142,1146.547
277,11.08,50,464,466,1,26.173,654.313,1172.72
278,11.12,50,506,463,1,42.107,1052.675,1214.827
279,11.16,50,552,459,1,46.174,1154.34,1261.0
280,11.2,50,619,447,1,68.066,1701.654,1329.066
281,11.24,50,671,436,1,53.151,1328.768,1382.217
282,11.28,50,697,420,1,30.529,763.217,1412.746
283,11.32,50,706,406,1,16.643,416.083,1429.389
284,11.36,50,700,397,1,10.817,270.416,1440.206
285,11.4,50,698,393,1,4.472,111.803,1444.678
205,8.2,58,1271,269,0,0.0,0.0,0.0
221,8.84,62,850,258,0,0.0,0.0,0.0
223,8.92,62,837,258,2,13.0,162.5,13.0
231,9.24,65,892,286,0,0.0,0.0,0.0
232,9.28,65,894,286,1,2.0,50.0,2.0
233,9.32,65,897,287,1,3.162,79.057,5.162
234,9.36,65,901,287,1,4.0,100.0,9.162
235,9.4,65,904,288,1,3.162,79.057,12.325
236,9.44,65,908,288,1,4.0,100.0,16.325
237,9.48,65,910,288,1,2.0,50.0,18.325
238,9.52,65,913,288,1,3.0,75.0,21.325
239,9.56,65,915,288,1,2.0,50.0,23.325
240,9.6,65,920,288,1,5.0,125.0,28.325
241,9.64,65,925,288,1,5.0,125.0,33.325
242,9.68,65,930,289,1,5.099,127.475,38.424
243,9.72,65,934,290,1,4.123,103.078,42.547
244,9.76,65,939,290,1,5.0,125.0,47.547
245,9.8,65,942,290,1,3.0,75.0,50.547
246,9.84,65,946,289,1,4.123,103.078,54.67
247,9.88,65,949,289,1,3.0,75.0,57.67
248,9.92,65,956,288,1,7.071,176.777,64.741
249,9.96,65,960,288,1,4.0,100.0,68.741
250,10.0,65,965,289,1,5.099,127.475,73.84
251,10.04,65,971,289,1,6.0,150.0,79.84
252,10.08,65,976,291,1,5.385,134.629,85.225
253,10.12,65,981,290,1,5.099,127.475,90.324
254,10.16,65,988,291,1,7.071,176.777,97.395
255,10.2,65,991,292,1,3.162,79.057,100.557
256,10.24,65,996,291,1,5.099,127.475,105.656
257,10.28,65,999,291,1,3.0,75.0,108.656
258,10.32,65,1007,291,1,8.0,200.0,116.656
259,10.36,65,1011,292,1,4.123,103.078,120.78
260,10.4,65,1018,292,1,7.0,175.0,127.78
261,10.44,65,1023,291,1,5.099,127.475,132.879
262,10.48,65,1028,293,1,5.385,134.629,138.264
263,10.52,65,1032,292,1,4.123,103.078,142.387
264,10.56,65,1039,292,1,7.0,175.0,149.387
265,10.6,65,1044,292,1,5.0,125.0,154.387
266,10.64,65,1052,291,1,8.062,201.556,162.449
267,10.68,65,1057,292,1,5.099,127.475,167.548
268,10.72,65,1062,291,1,5.099,127.475,172.647
269,10.76,65,1068,292,1,6.083,152.069,178.73
270,10.8,65,1075,292,1,7.0,175.0,185.73
271,10.84,65,1080,294,1,5.385,134.629,191.115
272,10.88,65,1087,294,1,7.0,175.0,198.115
273,10.92,65,1091,294,1,4.0,100.0,202.115
274,10.96,65,1096,295,1,5.099,127.475,207.214
275,11.0,65,1102,294,1,6.083,152.069,213.297
276,11.04,65,1108,296,1,6.325,158.114,219.621
277,11.08,65,1112,297,1,4.123,103.078,223.744
278,11.12,65,1119,297,1,7.0,175.0,230.744
279,11.16,65,1125,298,1,6.083,152.069,236.827
280,11.2,65,1130,298,1,5.0,125.0,241.827
281,11.24,65,1134,298,1,4.0,100.0,245.827
284,11.36,65,1145,298,3,11.0,91.667,256.827
285,11.4,65,1148,298,1,3.0,75.0,259.827
286,11.44,65,1153,299,1,5.099,127.475,264.926
287,11.48,65,1157,302,1,5.0,125.0,269.926
288,11.52,65,1162,301,1,5.099,127.475,275.025
289,11.56,65,1164,303,1,2.828,70.711,277.854
290,11.6,65,1167,303,1,3.0,75.0,280.854
291,11.64,65,1169,303,1,2.0,50.0,282.854
292,11.68,65,1171,303,1,2.0,50.0,284.854
293,11.72,65,1172,302,1,1.414,35.355,286.268
294,11.76,65,1175,306,1,5.0,125.0,291.268
295,11.8,65,1178,306,1,3.0,75.0,294.268
296,11.84,65,1181,307,1,3.162,79.057,297.43
297,11.88,65,1183,308,1,2.236,55.902,299.666
298,11.92,65,1184,307,1,1.414,35.355,301.08
299,11.96,65,1184,307,1,0.0,0.0,301.08
300,12.0,65,1184,305,1,2.0,50.0,303.08
301,12.04,65,1184,304,1,1.0,25.0,304.08
302,12.08,65,1184,305,1,1.0,25.0,305.08
303,12.12,65,1185,306,1,1.414,35.355,306.495
304,12.16,65,1186,307,1,1.414,35.355,307.909
305,12.2,65,1186,308,1,1.0,25.0,308.909
306,12.24,65,1184,308,1,2.0,50.0,310.909
307,12.28,65,1183,309,1,1.414,35.355,312.323
308,12.32,65,1181,308,1,2.236,55.902,314.559
309,12.36,65,1178,307,1,3.162,79.057,317.721
310,12.4,65,1176,307,1,2.0,50.0,319.721
311,12.44,65,1174,307,1,2.0,50.0,321.721
312,12.48,65,1173,308,1,1.414,35.355,323.136
313,12.52,65,1172,307,1,1.414,35.355,324.55
314,12.56,65,1171,308,1,1.414,35.355,325.964
315,12.6,65,1171,308,1,0.0,0.0,325.964
316,12.64,65,1169,308,1,2.0,50.0,327.964
317,12.68,65,1167,309,1,2.236,55.902,330.2
277,11.08,69,54,244,0,0.0,0.0,0.0
287,11.48,69,36,290,10,49.396,123.491,49.396
285,11.4,70,857,497,0,0.0,0.0,0.0
286,11.44,70,935,539,1,88.589,2214.723,88.589
287,11.48,70,974,555,1,42.154,1053.862,130.743
289,11.56,71,124,216,0,0.0,0.0,0.0
290,11.6,71,131,233,1,18.385,459.619,18.385
291,11.64,71,132,242,1,9.055,226.385,27.44
292,11.68,71,127,244,1,5.385,134.629,32.825
293,11.72,71,123,246,1,4.472,111.803,37.297
294,11.76,71,118,251,1,7.071,176.777,44.369
295,11.8,71,114,252,1,4.123,103.078,48.492
296,11.84,71,113,254,1,2.236,55.902,50.728
297,11.88,71,112,252,1,2.236,55.902,52.964
298,11.92,71,112,247,1,5.0,125.0,57.964
299,11.96,71,113,245,1,2.236,55.902,60.2
300,12.0,71,115,245,1,2.0,50.0,62.2
301,12.04,71,120,246,1,5.099,127.475,67.299
302,12.08,71,130,245,1,10.05,251.247,77.349
303,12.12,71,135,246,1,5.099,127.475,82.448
304,12.16,71,141,245,1,6.083,152.069,88.531
305,12.2,71,145,242,1,5.0,125.0,93.531
306,12.24,71,156,240,1,11.18,279.508,104.711
307,12.28,71,168,241,1,12.042,301.04,116.752
308,12.32,71,187,240,1,19.026,475.657,135.779
309,12.36,71,206,241,1,19.026,475.657,154.805
310,12.4,71,240,241,1,34.0,850.0,188.805
311,12.44,71,264,244,1,24.187,604.669,212.992
312,12.48,71,296,245,1,32.016,800.391,245.007
313,12.52,71,319,241,1,23.345,583.631,268.353
314,12.56,71,342,228,1,26.42,660.492,294.772
315,12.6,71,351,219,1,12.728,318.198,307.5
316,12.64,71,354,216,1,4.243,106.066,311.743
317,12.68,71,356,217,1,2.236,55.902,313.979
318,12.72,71,364,218,1,8.062,201.556,322.041
319,12.76,71,366,221,1,3.606,90.139,325.647
320,12.8,71,374,222,1,8.062,201.556,333.709
321,12.84,71,386,224,1,12.166,304.138,345.875
322,12.88,71,418,227,1,32.14,803.508,378.015
323,12.92,71,443,227,1,25.0,625.0,403.015
324,12.96,71,476,229,1,33.061,826.514,436.075
325,13.0,71,498,226,1,22.204,555.09,458.279
326,13.04,71,522,220,1,24.739,618.466,483.018
327,13.08,71,541,221,1,19.026,475.657,502.044
328,13.12,71,569,221,1,28.0,700.0,530.044
329,13.16,71,591,221,1,22.0,550.0,552.044
330,13.2,71,620,223,1,29.069,726.722,581.113
331,13.24,71,641,223,1,21.0,525.0,602.113
332,13.28,71,668,223,1,27.0,675.0,629.113
333,13.32,71,687,222,1,19.026,475.657,648.139
334,13.36,71,709,220,1,22.091,552.268,670.23
335,13.4,71,719,221,1,10.05,251.247,680.28
336,13.44,71,725,227,1,8.485,212.132,688.765
337,13.48,71,727,234,1,7.28,182.003,696.045
338,13.52,71,731,242,1,8.944,223.607,704.989
339,13.56,71,734,247,1,5.831,145.774,710.82
340,13.6,71,743,251,1,9.849,246.221,720.669
341,13.64,71,754,253,1,11.18,279.508,731.85
342,13.68,71,767,256,1,13.342,333.542,745.191
343,13.72,71,777,256,1,10.0,250.0,755.191
344,13.76,71,791,258,1,14.142,353.553,769.333
345,13.8,71,794,260,1,3.606,90.139,772.939
346,13.84,71,791,260,1,3.0,75.0,775.939
347,13.88,71,787,262,1,4.472,111.803,780.411
348,13.92,71,778,262,1,9.0,225.0,789.411
349,13.96,71,773,262,1,5.0,125.0,794.411
350,14.0,71,764,262,1,9.0,225.0,803.411
351,14.04,71,760,259,1,5.0,125.0,808.411
321,12.84,74,1155,324,0,0.0,0.0,0.0
322,12.88,74,1139,328,1,16.492,412.311,16.492
323,12.92,74,1144,326,1,5.385,134.629,21.878
324,12.96,74,1158,325,1,14.036,350.892,35.913
325,13.0,74,1167,324,1,9.055,226.385,44.969
326,13.04,74,1177,322,1,10.198,254.951,55.167
327,13.08,74,1183,323,1,6.083,152.069,61.249
328,13.12,74,1192,323,1,9.0,225.0,70.249
329,13.16,74,1199,324,1,7.071,176.777,77.321
331,13.24,76,1234,396,0,0.0,0.0,0.0
342,13.68,76,1247,266,11,130.648,296.928,130.648
343,13.72,76,1241,262,1,7.211,180.278,137.859
344,13.76,76,1221,262,1,20.0,500.0,157.859
345,13.8,76,1206,263,1,15.033,375.832,172.893
346,13.84,76,1185,261,1,21.095,527.376,193.988
347,13.88,76,1166,263,1,19.105,477.624,213.093
348,13.92,76,1142,266,1,24.187,604.669,237.28
349,13.96,76,1127,266,1,15.0,375.0,252.28
350,14.0,76,1098,270,1,29.275,731.864,281.554
351,14.04,76,1077,269,1,21.024,525.595,302.578
331,13.24,77,1142,309,0,0.0,0.0,0.0
332,13.28,77,1137,312,1,5.831,145.774,5.831
333,13.32,77,1133,310,1,4.472,111.803,10.303
334,13.36,77,1123,309,1,10.05,251.247,20.353
335,13.4,77,1118,310,1,5.099,127.475,25.452
336,13.44,77,1108,308,1,10.198,254.951,35.65
337,13.48,77,1101,309,1,7.071,176.777,42.721
338,13.52,77,1090,308,1,11.045,276.134,53.766
339,13.56,77,1080,308,1,10.0,250.0,63.766
340,13.6,77,1066,307,1,14.036,350.892,77.802
341,13.64,77,1057,307,1,9.0,225.0,86.802
